<?xml version="1.0" encoding="UTF-8" standalone="no"?>
<XMI xmlns:UML="//org.omg/UML/1.3" xmi.version="1.1">
 <XMI.header>
  <XMI.documentation>
   <XMI.exporter>ocle 2.0</XMI.exporter>
   <XMI.exporterVersion>1.0</XMI.exporterVersion>
  </XMI.documentation>
  <XMI.metamodel xmi.name="UML" xmi.version="1.3"/>
 </XMI.header>
 <XMI.content>
  <UML:Model isAbstract="false" isLeaf="true" isRoot="true" isSpecification="false" name="F1TeamModel" visibility="public" xmi.id="S.1" xmlns:UML="http://lci/xml">
   <UML:Namespace.ownedElement>
    <UML:Stereotype baseClass="AssociationEnd" isAbstract="false" isLeaf="false" isRoot="false" isSpecification="false" name="global" namespace="S.1" visibility="package" xmi.id="S.2"/>
    <UML:Stereotype baseClass="Abstraction" isAbstract="false" isLeaf="false" isRoot="false" isSpecification="false" name="file" namespace="S.1" visibility="package" xmi.id="S.3"/>
    <UML:Stereotype baseClass="Package" isAbstract="false" isLeaf="false" isRoot="false" isSpecification="false" name="facade" namespace="S.1" visibility="package" xmi.id="S.4"/>
    <UML:DataType isAbstract="false" isLeaf="false" isRoot="false" isSpecification="false" name="undefined" namespace="S.1" visibility="package" xmi.id="S.5"/>
    <UML:Stereotype baseClass="Package" isAbstract="false" isLeaf="false" isRoot="false" isSpecification="false" name="systemModel" namespace="S.1" visibility="package" xmi.id="S.6"/>
    <UML:Stereotype baseClass="Package" isAbstract="false" isLeaf="false" isRoot="false" isSpecification="false" name="framework" namespace="S.1" visibility="package" xmi.id="S.7"/>
    <UML:Stereotype baseClass="Classifier" isAbstract="false" isLeaf="false" isRoot="false" isSpecification="false" name="enumeration" namespace="S.1" visibility="package" xmi.id="S.8"/>
    <UML:Stereotype baseClass="AssociationEnd" isAbstract="false" isLeaf="false" isRoot="false" isSpecification="false" name="association" namespace="S.1" visibility="package" xmi.id="S.9"/>
    <UML:Stereotype baseClass="Constraint" isAbstract="false" isLeaf="false" isRoot="false" isSpecification="false" name="precondition" namespace="S.1" visibility="package" xmi.id="S.10"/>
    <UML:Stereotype baseClass="Constraint" isAbstract="false" isLeaf="false" isRoot="false" isSpecification="false" name="invariant" namespace="S.1" visibility="package" xmi.id="S.11"/>
    <UML:Stereotype baseClass="Abstraction" isAbstract="false" isLeaf="false" isRoot="false" isSpecification="false" name="executable" namespace="S.1" visibility="package" xmi.id="S.12"/>
    <UML:Stereotype baseClass="Package" isAbstract="false" isLeaf="false" isRoot="false" isSpecification="false" name="profile" namespace="S.1" visibility="package" xmi.id="S.13"/>
    <UML:DataType instance="S.15 S.16 S.17 S.18 S.19 S.20 S.21 S.22 S.23 S.24 S.25 S.26 S.27 S.28 S.29 S.30" isAbstract="false" isLeaf="false" isRoot="false" isSpecification="false" name="Integer" namespace="S.1" visibility="package" xmi.id="S.14"/>
    <UML:Stereotype baseClass="Class" isAbstract="false" isLeaf="false" isRoot="false" isSpecification="false" name="powertype" namespace="S.1" visibility="package" xmi.id="S.31"/>
    <UML:Stereotype baseClass="Abstraction" isAbstract="false" isLeaf="false" isRoot="false" isSpecification="false" name="document" namespace="S.1" visibility="package" xmi.id="S.32"/>
    <UML:Stereotype baseClass="Abstraction" isAbstract="false" isLeaf="false" isRoot="false" isSpecification="false" name="trace" namespace="S.1" visibility="package" xmi.id="S.33"/>
    <UML:Stereotype baseClass="AssociationEnd" isAbstract="false" isLeaf="false" isRoot="false" isSpecification="false" name="self" namespace="S.1" visibility="package" xmi.id="S.34"/>
    <UML:Stereotype baseClass="AssociationEnd" isAbstract="false" isLeaf="false" isRoot="false" isSpecification="false" name="local" namespace="S.1" visibility="package" xmi.id="S.35"/>
    <UML:Stereotype baseClass="Permission" isAbstract="false" isLeaf="false" isRoot="false" isSpecification="false" name="import" namespace="S.1" visibility="package" xmi.id="S.36"/>
    <UML:Stereotype baseClass="AssociationEnd" isAbstract="false" isLeaf="false" isRoot="false" isSpecification="false" name="parameter" namespace="S.1" visibility="package" xmi.id="S.37"/>
    <UML:Stereotype baseClass="Comment" isAbstract="false" isLeaf="false" isRoot="false" isSpecification="false" name="requirement" namespace="S.1" visibility="package" xmi.id="S.38"/>
    <UML:Stereotype baseClass="Comment" isAbstract="false" isLeaf="false" isRoot="false" isSpecification="false" name="responsibility" namespace="S.1" visibility="package" xmi.id="S.39"/>
    <UML:Stereotype baseClass="BehavioralFeature CallEvent" isAbstract="false" isLeaf="false" isRoot="false" isSpecification="false" name="destroy" namespace="S.1" visibility="package" xmi.id="S.40"/>
    <UML:Stereotype baseClass="Class Generalization" isAbstract="false" isLeaf="false" isRoot="false" isSpecification="false" name="implementation" namespace="S.1" visibility="package" xmi.id="S.41"/>
    <UML:Stereotype baseClass="Usage" isAbstract="false" isLeaf="false" isRoot="false" isSpecification="false" name="call" namespace="S.1" visibility="package" xmi.id="S.42"/>
    <UML:Stereotype baseClass="Package" isAbstract="false" isLeaf="false" isRoot="false" isSpecification="false" name="appliedProfile" namespace="S.1" visibility="package" xmi.id="S.43"/>
    <UML:Stereotype baseClass="Class" isAbstract="false" isLeaf="false" isRoot="false" isSpecification="false" name="type" namespace="S.1" visibility="package" xmi.id="S.44"/>
    <UML:Stereotype baseClass="Class" isAbstract="false" isLeaf="false" isRoot="false" isSpecification="false" name="focus" namespace="S.1" visibility="package" xmi.id="S.45"/>
    <UML:DataType instance="S.47 S.48 S.49 S.50 S.51 S.52" isAbstract="false" isLeaf="false" isRoot="false" isSpecification="false" name="Real" namespace="S.1" visibility="package" xmi.id="S.46"/>
    <UML:Stereotype baseClass="Usage" isAbstract="false" isLeaf="false" isRoot="false" isSpecification="false" name="send" namespace="S.1" visibility="package" xmi.id="S.53"/>
    <UML:Stereotype baseClass="Classifier" isAbstract="false" isLeaf="false" isRoot="false" isSpecification="false" name="process" namespace="S.1" visibility="package" xmi.id="S.54"/>
    <UML:Stereotype baseClass="Permission" isAbstract="false" isLeaf="false" isRoot="false" isSpecification="false" name="access" namespace="S.1" visibility="package" xmi.id="S.55"/>
    <UML:Stereotype baseClass="BehavioralFeature CallEvent Usage" isAbstract="false" isLeaf="false" isRoot="false" isSpecification="false" name="create" namespace="S.1" visibility="package" xmi.id="S.56"/>
    <UML:Stereotype baseClass="Abstraction" isAbstract="false" isLeaf="false" isRoot="false" isSpecification="false" name="refine" namespace="S.1" visibility="package" xmi.id="S.57"/>
    <UML:Stereotype baseClass="Abstraction" isAbstract="false" isLeaf="false" isRoot="false" isSpecification="false" name="source" namespace="S.1" visibility="package" xmi.id="S.58"/>
    <UML:DataType isAbstract="false" isLeaf="false" isRoot="false" isSpecification="false" name="UnlimitedInteger" namespace="S.1" visibility="package" xmi.id="S.59"/>
    <UML:Stereotype baseClass="Abstraction" isAbstract="false" isLeaf="false" isRoot="false" isSpecification="false" name="table" namespace="S.1" visibility="package" xmi.id="S.60"/>
    <UML:Stereotype baseClass="Package" isAbstract="false" isLeaf="false" isRoot="false" isSpecification="false" name="stub" namespace="S.1" visibility="package" xmi.id="S.61"/>
    <UML:Stereotype baseClass="Abstraction" isAbstract="false" isLeaf="false" isRoot="false" isSpecification="false" name="library" namespace="S.1" visibility="package" xmi.id="S.62"/>
    <UML:Stereotype baseClass="Abstraction" isAbstract="false" isLeaf="false" isRoot="false" isSpecification="false" name="realize" namespace="S.1" visibility="package" xmi.id="S.63"/>
    <UML:Stereotype baseClass="Abstraction" isAbstract="false" isLeaf="false" isRoot="false" isSpecification="false" name="derive" namespace="S.1" visibility="package" xmi.id="S.64"/>
    <UML:Stereotype baseClass="Flow" isAbstract="false" isLeaf="false" isRoot="false" isSpecification="false" name="copy" namespace="S.1" visibility="package" xmi.id="S.65"/>
    <UML:Stereotype baseClass="Class" isAbstract="false" isLeaf="false" isRoot="false" isSpecification="false" name="auxiliary" namespace="S.1" visibility="package" xmi.id="S.66"/>
    <UML:Stereotype baseClass="Flow" isAbstract="false" isLeaf="false" isRoot="false" isSpecification="false" name="become" namespace="S.1" visibility="package" xmi.id="S.67"/>
    <UML:Stereotype baseClass="ObjectFlowState" isAbstract="false" isLeaf="false" isRoot="false" isSpecification="false" name="signalflow" namespace="S.1" visibility="package" xmi.id="S.68"/>
    <UML:Stereotype baseClass="Usage" isAbstract="false" isLeaf="false" isRoot="false" isSpecification="false" name="instantiate" namespace="S.1" visibility="package" xmi.id="S.69"/>
    <UML:Stereotype baseClass="Constraint" isAbstract="false" isLeaf="false" isRoot="false" isSpecification="false" name="stateInvariant" namespace="S.1" visibility="package" xmi.id="S.70"/>
    <UML:Stereotype baseClass="Constraint" isAbstract="false" isLeaf="false" isRoot="false" isSpecification="false" name="postcondition" namespace="S.1" visibility="package" xmi.id="S.71"/>
    <UML:Stereotype baseClass="Classifier" isAbstract="false" isLeaf="false" isRoot="false" isSpecification="false" name="utility" namespace="S.1" visibility="package" xmi.id="S.72"/>
    <UML:Stereotype baseClass="Classifier" isAbstract="false" isLeaf="false" isRoot="false" isSpecification="false" name="thread" namespace="S.1" visibility="package" xmi.id="S.73"/>
    <UML:DataType instance="S.75 S.76 S.77 S.78 S.79 S.80 S.81 S.82 S.83 S.84 S.85" isAbstract="false" isLeaf="false" isRoot="false" isSpecification="false" name="String" namespace="S.1" visibility="package" xmi.id="S.74"/>
    <UML:Stereotype baseClass="Package" isAbstract="false" isLeaf="false" isRoot="false" isSpecification="false" name="modelLibrary" namespace="S.1" visibility="package" xmi.id="S.86"/>
    <UML:Stereotype baseClass="Package" isAbstract="false" isLeaf="false" isRoot="false" isSpecification="false" name="metamodel" namespace="S.1" visibility="package" xmi.id="S.87"/>
    <UML:Stereotype baseClass="Class" isAbstract="false" isLeaf="false" isRoot="false" isSpecification="false" name="metaclass" namespace="S.1" visibility="package" xmi.id="S.88"/>
    <UML:Stereotype baseClass="Package" isAbstract="false" isLeaf="false" isRoot="false" isSpecification="false" name="topLevel" namespace="S.1" visibility="package" xmi.id="S.89"/>
    <UML:DataType instance="S.91 S.92" isAbstract="false" isLeaf="false" isRoot="false" isSpecification="false" name="Boolean" namespace="S.1" visibility="package" xmi.id="S.90"/>
    <UML:Stereotype baseClass="Permission" isAbstract="false" isLeaf="false" isRoot="false" isSpecification="false" name="friend" namespace="S.1" visibility="package" xmi.id="S.93"/>
    <UML:Stereotype baseClass="Classifier" isAbstract="false" isLeaf="false" isRoot="false" isSpecification="false" name="DTDChoice" namespace="S.1" visibility="public" xmi.id="S.94"/>
    <UML:Stereotype baseClass="Classifier" isAbstract="false" isLeaf="false" isRoot="false" isSpecification="false" name="DTDSequence" namespace="S.1" visibility="public" xmi.id="S.95"/>
    <UML:Stereotype baseClass="Classifier" isAbstract="false" isLeaf="false" isRoot="false" isSpecification="false" name="DTDMixed" namespace="S.1" visibility="public" xmi.id="S.96"/>
    <UML:Stereotype baseClass="Classifier" isAbstract="false" isLeaf="false" isRoot="false" isSpecification="false" name="DTDAny" namespace="S.1" visibility="public" xmi.id="S.97"/>
    <UML:Stereotype baseClass="Classifier" isAbstract="false" isLeaf="false" isRoot="false" isSpecification="false" name="DTDAnyElement" namespace="S.1" visibility="public" xmi.id="S.98"/>
    <UML:Stereotype baseClass="Classifier" isAbstract="false" isLeaf="false" isRoot="false" isSpecification="false" name="DTDEmptyElement" namespace="S.1" visibility="public" xmi.id="S.99"/>
    <UML:Stereotype baseClass="Classifier" isAbstract="false" isLeaf="false" isRoot="false" isSpecification="false" name="DTDElement" namespace="S.1" visibility="public" xmi.id="S.100"/>
    <UML:Stereotype baseClass="Classifier" isAbstract="false" isLeaf="false" isRoot="false" isSpecification="false" name="DTDUndefinedElement" namespace="S.1" visibility="public" xmi.id="S.101"/>
    <UML:Stereotype baseClass="Attribute" isAbstract="false" isLeaf="false" isRoot="false" isSpecification="false" name="DTDUndefinedAttribute" namespace="S.1" visibility="public" xmi.id="S.102"/>
    <UML:Stereotype baseClass="Association" isAbstract="false" isLeaf="false" isRoot="false" isSpecification="false" name="DTDUndefinedAssociation" namespace="S.1" visibility="public" xmi.id="S.103"/>
    <UML:Stereotype baseClass="Association" isAbstract="false" isLeaf="false" isRoot="false" isSpecification="false" name="DTDInvalidAssociation" namespace="S.1" visibility="public" xmi.id="S.104"/>
    <UML:Stereotype baseClass="Attribute" isAbstract="false" isLeaf="false" isRoot="false" isSpecification="false" name="CDATA" namespace="S.1" visibility="public" xmi.id="S.105"/>
    <UML:Stereotype baseClass="Attribute" isAbstract="false" isLeaf="false" isRoot="false" isSpecification="false" name="ID" namespace="S.1" visibility="public" xmi.id="S.106"/>
    <UML:Stereotype baseClass="Attribute" isAbstract="false" isLeaf="false" isRoot="false" isSpecification="false" name="IDREF" namespace="S.1" visibility="public" xmi.id="S.107"/>
    <UML:Stereotype baseClass="Attribute" isAbstract="false" isLeaf="false" isRoot="false" isSpecification="false" name="IDREFS" namespace="S.1" visibility="public" xmi.id="S.108"/>
    <UML:Stereotype baseClass="Attribute" isAbstract="false" isLeaf="false" isRoot="false" isSpecification="false" name="NMTOKEN" namespace="S.1" visibility="public" xmi.id="S.109"/>
    <UML:Stereotype baseClass="Attribute" isAbstract="false" isLeaf="false" isRoot="false" isSpecification="false" name="NMTOKENS" namespace="S.1" visibility="public" xmi.id="S.110"/>
    <UML:Stereotype baseClass="Attribute" isAbstract="false" isLeaf="false" isRoot="false" isSpecification="false" name="ENTITY" namespace="S.1" visibility="public" xmi.id="S.111"/>
    <UML:Stereotype baseClass="Attribute" isAbstract="false" isLeaf="false" isRoot="false" isSpecification="false" name="ENTITIES" namespace="S.1" visibility="public" xmi.id="S.112"/>
    <UML:Stereotype baseClass="Attribute" isAbstract="false" isLeaf="false" isRoot="false" isSpecification="false" name="NOTATION" namespace="S.1" visibility="public" xmi.id="S.113"/>
    <UML:Stereotype baseClass="Attribute" isAbstract="false" isLeaf="false" isRoot="false" isSpecification="false" name="REQUIRED" namespace="S.1" visibility="public" xmi.id="S.114"/>
    <UML:Stereotype baseClass="Attribute" isAbstract="false" isLeaf="false" isRoot="false" isSpecification="false" name="IMPLIED" namespace="S.1" visibility="public" xmi.id="S.115"/>
    <UML:Stereotype baseClass="Attribute" isAbstract="false" isLeaf="false" isRoot="false" isSpecification="false" name="FIXED" namespace="S.1" visibility="public" xmi.id="S.116"/>
    <UML:Stereotype baseClass="AttributeLink" isAbstract="false" isLeaf="false" isRoot="false" isSpecification="false" name="XMLMissingAttribute" namespace="S.1" visibility="public" xmi.id="S.117"/>
    <UML:Stereotype baseClass="AttributeLink" isAbstract="false" isLeaf="false" isRoot="false" isSpecification="false" name="XMLUnexpectedAttribute" namespace="S.1" visibility="public" xmi.id="S.118"/>
    <UML:Stereotype baseClass="Object" isAbstract="false" isLeaf="false" isRoot="false" isSpecification="false" name="XMLMissingElement" namespace="S.1" visibility="public" xmi.id="S.119"/>
    <UML:Stereotype baseClass="Object" isAbstract="false" isLeaf="false" isRoot="false" isSpecification="false" name="XMLUnexpectedElement" namespace="S.1" visibility="public" xmi.id="S.120"/>
    <UML:Stereotype baseClass="Link" isAbstract="false" isLeaf="false" isRoot="false" isSpecification="false" name="XMLMissingLink" namespace="S.1" visibility="public" xmi.id="S.121"/>
    <UML:Stereotype baseClass="Link" isAbstract="false" isLeaf="false" isRoot="false" isSpecification="false" name="XMLUnexpectedLink" namespace="S.1" visibility="public" xmi.id="S.122"/>
    <UML:Stereotype baseClass="Link" isAbstract="false" isLeaf="false" isRoot="false" isSpecification="false" name="XMLInvalidLink" namespace="S.1" visibility="public" xmi.id="S.123"/>
    <UML:Stereotype baseClass="Collaboration" isAbstract="false" isLeaf="false" isRoot="false" isSpecification="false" name="XMLObjectsCollaboration" namespace="S.1" visibility="public" xmi.id="S.124"/>
    <UML:TagDefinition isSpecification="false" name="sequence" namespace="S.1" tagType="Integer" visibility="public" xmi.id="S.125">
     <UML:TagDefinition.multiplicity>
      <UML:Multiplicity xmi.id="S.126">
       <UML:Multiplicity.range>
        <UML:MultiplicityRange lower="1" multiplicity="S.126" upper="1" xmi.id="S.127"/>
       </UML:Multiplicity.range>
      </UML:Multiplicity>
     </UML:TagDefinition.multiplicity>
    </UML:TagDefinition>
    <UML:TagDefinition isSpecification="false" name="choice" namespace="S.1" tagType="Integer" visibility="public" xmi.id="S.128">
     <UML:TagDefinition.multiplicity>
      <UML:Multiplicity xmi.id="S.129">
       <UML:Multiplicity.range>
        <UML:MultiplicityRange lower="1" multiplicity="S.129" upper="1" xmi.id="S.130"/>
       </UML:Multiplicity.range>
      </UML:Multiplicity>
     </UML:TagDefinition.multiplicity>
    </UML:TagDefinition>
    <UML:TagDefinition isSpecification="false" name="mixed" namespace="S.1" tagType="Integer" visibility="public" xmi.id="S.131">
     <UML:TagDefinition.multiplicity>
      <UML:Multiplicity xmi.id="S.132">
       <UML:Multiplicity.range>
        <UML:MultiplicityRange lower="1" multiplicity="S.132" upper="1" xmi.id="S.133"/>
       </UML:Multiplicity.range>
      </UML:Multiplicity>
     </UML:TagDefinition.multiplicity>
    </UML:TagDefinition>
    <UML:TagDefinition isSpecification="false" name="any" namespace="S.1" tagType="Integer" visibility="public" xmi.id="S.134">
     <UML:TagDefinition.multiplicity>
      <UML:Multiplicity xmi.id="S.135">
       <UML:Multiplicity.range>
        <UML:MultiplicityRange lower="1" multiplicity="S.135" upper="1" xmi.id="S.136"/>
       </UML:Multiplicity.range>
      </UML:Multiplicity>
     </UML:TagDefinition.multiplicity>
    </UML:TagDefinition>
    <UML:Class instance="S.138" isAbstract="false" isActive="true" isLeaf="false" isRoot="false" isSpecification="false" name="Team" namespace="S.1" visibility="public" xmi.id="S.137">
     <UML:Classifier.feature>
      <UML:Attribute attributeLink="S.141" changeability="changeable" isSpecification="false" name="teamName" ordering="unordered" owner="S.137" ownerScope="instance" targetScope="instance" type="S.74" visibility="public" xmi.id="S.139">
       <UML:Attribute.initialValue>
        <UML:Expression body="" xmi.id="S.140"/>
       </UML:Attribute.initialValue>
       <UML:StructuralFeature.multiplicity>
        <UML:Multiplicity xmi.id="S.142">
         <UML:Multiplicity.range>
          <UML:MultiplicityRange lower="1" multiplicity="S.142" upper="1" xmi.id="S.143"/>
         </UML:Multiplicity.range>
        </UML:Multiplicity>
       </UML:StructuralFeature.multiplicity>
      </UML:Attribute>
      <UML:Attribute attributeLink="S.146" changeability="changeable" isSpecification="false" name="baseLocation" ordering="unordered" owner="S.137" ownerScope="instance" targetScope="instance" type="S.74" visibility="public" xmi.id="S.144">
       <UML:Attribute.initialValue>
        <UML:Expression body="" xmi.id="S.145"/>
       </UML:Attribute.initialValue>
       <UML:StructuralFeature.multiplicity>
        <UML:Multiplicity xmi.id="S.147">
         <UML:Multiplicity.range>
          <UML:MultiplicityRange lower="1" multiplicity="S.147" upper="1" xmi.id="S.148"/>
         </UML:Multiplicity.range>
        </UML:Multiplicity>
       </UML:StructuralFeature.multiplicity>
      </UML:Attribute>
      <UML:Attribute attributeLink="S.151" changeability="changeable" isSpecification="false" name="budget" ordering="unordered" owner="S.137" ownerScope="instance" targetScope="instance" type="S.46" visibility="public" xmi.id="S.149">
       <UML:Attribute.initialValue>
        <UML:Expression body="" xmi.id="S.150"/>
       </UML:Attribute.initialValue>
       <UML:StructuralFeature.multiplicity>
        <UML:Multiplicity xmi.id="S.152">
         <UML:Multiplicity.range>
          <UML:MultiplicityRange lower="1" multiplicity="S.152" upper="1" xmi.id="S.153"/>
         </UML:Multiplicity.range>
        </UML:Multiplicity>
       </UML:StructuralFeature.multiplicity>
      </UML:Attribute>
      <UML:Attribute attributeLink="S.156" changeability="changeable" isSpecification="false" name="salary" ordering="unordered" owner="S.137" ownerScope="instance" targetScope="instance" type="S.46" visibility="public" xmi.id="S.154">
       <UML:Attribute.initialValue>
        <UML:Expression body="" xmi.id="S.155"/>
       </UML:Attribute.initialValue>
       <UML:StructuralFeature.multiplicity>
        <UML:Multiplicity xmi.id="S.157">
         <UML:Multiplicity.range>
          <UML:MultiplicityRange lower="1" multiplicity="S.157" upper="1" xmi.id="S.158"/>
         </UML:Multiplicity.range>
        </UML:Multiplicity>
       </UML:StructuralFeature.multiplicity>
      </UML:Attribute>
      <UML:Operation concurrency="concurrent" isAbstract="false" isLeaf="false" isQuery="false" isRoot="false" isSpecification="false" name="hireDriver" owner="S.137" ownerScope="instance" visibility="public" xmi.id="S.159">
       <UML:BehavioralFeature.parameter>
        <UML:Parameter behavioralFeature="S.159" isSpecification="false" kind="in" name="contract" type="S.161" visibility="private" xmi.id="S.160"/>
        <UML:Parameter behavioralFeature="S.159" isSpecification="false" kind="in" name="driver" type="S.163" visibility="private" xmi.id="S.162"/>
       </UML:BehavioralFeature.parameter>
      </UML:Operation>
     </UML:Classifier.feature>
    </UML:Class>
    <UML:Class isAbstract="false" isActive="true" isLeaf="false" isRoot="false" isSpecification="false" name="Person" namespace="S.1" specialization="S.199 S.200" visibility="public" xmi.id="S.164">
     <UML:Classifier.feature>
      <UML:Attribute attributeLink="S.167 S.168 S.169 S.170" changeability="changeable" isSpecification="false" name="name" ordering="unordered" owner="S.164" ownerScope="instance" targetScope="instance" type="S.74" visibility="public" xmi.id="S.165">
       <UML:Attribute.initialValue>
        <UML:Expression body="" xmi.id="S.166"/>
       </UML:Attribute.initialValue>
       <UML:StructuralFeature.multiplicity>
        <UML:Multiplicity xmi.id="S.171">
         <UML:Multiplicity.range>
          <UML:MultiplicityRange lower="1" multiplicity="S.171" upper="1" xmi.id="S.172"/>
         </UML:Multiplicity.range>
        </UML:Multiplicity>
       </UML:StructuralFeature.multiplicity>
      </UML:Attribute>
      <UML:Attribute attributeLink="S.175 S.176 S.177 S.178" changeability="changeable" isSpecification="false" name="age" ordering="unordered" owner="S.164" ownerScope="instance" targetScope="instance" type="S.14" visibility="public" xmi.id="S.173">
       <UML:Attribute.initialValue>
        <UML:Expression body="" xmi.id="S.174"/>
       </UML:Attribute.initialValue>
       <UML:StructuralFeature.multiplicity>
        <UML:Multiplicity xmi.id="S.179">
         <UML:Multiplicity.range>
          <UML:MultiplicityRange lower="1" multiplicity="S.179" upper="1" xmi.id="S.180"/>
         </UML:Multiplicity.range>
        </UML:Multiplicity>
       </UML:StructuralFeature.multiplicity>
      </UML:Attribute>
      <UML:Attribute attributeLink="S.183 S.184 S.185 S.186" changeability="changeable" isSpecification="false" name="sex" ordering="unordered" owner="S.164" ownerScope="instance" targetScope="instance" type="S.187" visibility="public" xmi.id="S.181">
       <UML:Attribute.initialValue>
        <UML:Expression body="" xmi.id="S.182"/>
       </UML:Attribute.initialValue>
       <UML:StructuralFeature.multiplicity>
        <UML:Multiplicity xmi.id="S.188">
         <UML:Multiplicity.range>
          <UML:MultiplicityRange lower="1" multiplicity="S.188" upper="1" xmi.id="S.189"/>
         </UML:Multiplicity.range>
        </UML:Multiplicity>
       </UML:StructuralFeature.multiplicity>
      </UML:Attribute>
      <UML:Attribute attributeLink="S.192 S.193 S.194 S.195" changeability="changeable" isSpecification="false" name="dateOfBirth" ordering="unordered" owner="S.164" ownerScope="instance" targetScope="instance" type="S.196" visibility="public" xmi.id="S.190">
       <UML:Attribute.initialValue>
        <UML:Expression body="" xmi.id="S.191"/>
       </UML:Attribute.initialValue>
       <UML:StructuralFeature.multiplicity>
        <UML:Multiplicity xmi.id="S.197">
         <UML:Multiplicity.range>
          <UML:MultiplicityRange lower="1" multiplicity="S.197" upper="1" xmi.id="S.198"/>
         </UML:Multiplicity.range>
        </UML:Multiplicity>
       </UML:StructuralFeature.multiplicity>
      </UML:Attribute>
     </UML:Classifier.feature>
    </UML:Class>
    <UML:Enumeration instance="S.203 S.204" isAbstract="false" isLeaf="true" isRoot="true" isSpecification="false" name="Sex" namespace="S.1" visibility="public" xmi.id="S.187">
     <UML:Enumeration.literal>
      <UML:EnumerationLiteral enumeration="S.187" isSpecification="false" name="male" visibility="private" xmi.id="S.201"/>
      <UML:EnumerationLiteral enumeration="S.187" isSpecification="false" name="female" visibility="private" xmi.id="S.202"/>
     </UML:Enumeration.literal>
    </UML:Enumeration>
    <UML:Class generalization="S.199" instance="S.205 S.206" isAbstract="false" isActive="true" isLeaf="false" isRoot="false" isSpecification="false" name="Driver" namespace="S.1" visibility="public" xmi.id="S.163">
     <UML:Classifier.feature>
      <UML:Attribute attributeLink="S.209 S.210 S.211" changeability="changeable" isSpecification="false" name="experience" ordering="unordered" owner="S.163" ownerScope="instance" targetScope="instance" type="S.14" visibility="public" xmi.id="S.207">
       <UML:Attribute.initialValue>
        <UML:Expression body="" xmi.id="S.208"/>
       </UML:Attribute.initialValue>
       <UML:StructuralFeature.multiplicity>
        <UML:Multiplicity xmi.id="S.212">
         <UML:Multiplicity.range>
          <UML:MultiplicityRange lower="1" multiplicity="S.212" upper="1" xmi.id="S.213"/>
         </UML:Multiplicity.range>
        </UML:Multiplicity>
       </UML:StructuralFeature.multiplicity>
      </UML:Attribute>
      <UML:Operation concurrency="concurrent" isAbstract="false" isLeaf="false" isQuery="false" isRoot="false" isSpecification="false" name="startCar" owner="S.163" ownerScope="instance" visibility="public" xmi.id="S.214">
       <UML:BehavioralFeature.parameter>
        <UML:Parameter behavioralFeature="S.214" isSpecification="false" kind="in" name="car" type="S.216" visibility="private" xmi.id="S.215"/>
        <UML:Parameter behavioralFeature="S.214" isSpecification="false" kind="in" name="isOn" type="S.90" visibility="private" xmi.id="S.217"/>
       </UML:BehavioralFeature.parameter>
      </UML:Operation>
     </UML:Classifier.feature>
     <UML:Namespace.ownedElement>
      <UML:Generalization child="S.163" isSpecification="false" name="Driver_is_a_Person" namespace="S.163" parent="S.164" visibility="public" xmi.id="S.199"/>
     </UML:Namespace.ownedElement>
    </UML:Class>
    <UML:Class generalization="S.200" instance="S.219" isAbstract="false" isActive="true" isLeaf="false" isRoot="false" isSpecification="false" name="Engineer" namespace="S.1" visibility="public" xmi.id="S.218">
     <UML:Classifier.feature>
      <UML:Attribute attributeLink="S.222" changeability="changeable" isSpecification="false" name="specialty" ordering="unordered" owner="S.218" ownerScope="instance" targetScope="instance" type="S.74" visibility="public" xmi.id="S.220">
       <UML:Attribute.initialValue>
        <UML:Expression body="" xmi.id="S.221"/>
       </UML:Attribute.initialValue>
       <UML:StructuralFeature.multiplicity>
        <UML:Multiplicity xmi.id="S.223">
         <UML:Multiplicity.range>
          <UML:MultiplicityRange lower="1" multiplicity="S.223" upper="1" xmi.id="S.224"/>
         </UML:Multiplicity.range>
        </UML:Multiplicity>
       </UML:StructuralFeature.multiplicity>
      </UML:Attribute>
      <UML:Attribute attributeLink="S.227" changeability="changeable" isSpecification="false" name="experience" ordering="unordered" owner="S.218" ownerScope="instance" targetScope="instance" type="S.14" visibility="public" xmi.id="S.225">
       <UML:Attribute.initialValue>
        <UML:Expression body="" xmi.id="S.226"/>
       </UML:Attribute.initialValue>
       <UML:StructuralFeature.multiplicity>
        <UML:Multiplicity xmi.id="S.228">
         <UML:Multiplicity.range>
          <UML:MultiplicityRange lower="1" multiplicity="S.228" upper="1" xmi.id="S.229"/>
         </UML:Multiplicity.range>
        </UML:Multiplicity>
       </UML:StructuralFeature.multiplicity>
      </UML:Attribute>
      <UML:Operation concurrency="concurrent" isAbstract="false" isLeaf="false" isQuery="false" isRoot="false" isSpecification="false" name="changeTires" owner="S.218" ownerScope="instance" visibility="public" xmi.id="S.230">
       <UML:BehavioralFeature.parameter>
        <UML:Parameter behavioralFeature="S.230" isSpecification="false" kind="in" name="car" type="S.216" visibility="private" xmi.id="S.231"/>
        <UML:Parameter behavioralFeature="S.230" isSpecification="false" kind="in" name="tires" type="S.233" visibility="private" xmi.id="S.232"/>
       </UML:BehavioralFeature.parameter>
      </UML:Operation>
      <UML:Operation concurrency="concurrent" isAbstract="false" isLeaf="false" isQuery="false" isRoot="false" isSpecification="false" name="changeAero" owner="S.218" ownerScope="instance" visibility="public" xmi.id="S.234">
       <UML:BehavioralFeature.parameter>
        <UML:Parameter behavioralFeature="S.234" isSpecification="false" kind="in" name="car" type="S.216" visibility="private" xmi.id="S.235"/>
        <UML:Parameter behavioralFeature="S.234" isSpecification="false" kind="in" name="aero" type="S.74" visibility="private" xmi.id="S.236"/>
       </UML:BehavioralFeature.parameter>
      </UML:Operation>
     </UML:Classifier.feature>
     <UML:Namespace.ownedElement>
      <UML:Generalization child="S.218" isSpecification="false" name="Engineer_is_a_Person" namespace="S.218" parent="S.164" visibility="public" xmi.id="S.200"/>
     </UML:Namespace.ownedElement>
    </UML:Class>
    <UML:Enumeration instance="S.240 S.241" isAbstract="false" isLeaf="true" isRoot="true" isSpecification="false" name="Tire" namespace="S.1" visibility="public" xmi.id="S.233">
     <UML:Enumeration.literal>
      <UML:EnumerationLiteral enumeration="S.233" isSpecification="false" name="soft" visibility="private" xmi.id="S.237"/>
      <UML:EnumerationLiteral enumeration="S.233" isSpecification="false" name="medium" visibility="private" xmi.id="S.238"/>
      <UML:EnumerationLiteral enumeration="S.233" isSpecification="false" name="hard" visibility="private" xmi.id="S.239"/>
     </UML:Enumeration.literal>
    </UML:Enumeration>
    <UML:Class instance="S.243" isAbstract="false" isActive="true" isLeaf="false" isRoot="false" isSpecification="false" name="EngineSupplier" namespace="S.1" visibility="public" xmi.id="S.242">
     <UML:Classifier.feature>
      <UML:Attribute attributeLink="S.246" changeability="changeable" isSpecification="false" name="supplierName" ordering="unordered" owner="S.242" ownerScope="instance" targetScope="instance" type="S.74" visibility="public" xmi.id="S.244">
       <UML:Attribute.initialValue>
        <UML:Expression body="" xmi.id="S.245"/>
       </UML:Attribute.initialValue>
       <UML:StructuralFeature.multiplicity>
        <UML:Multiplicity xmi.id="S.247">
         <UML:Multiplicity.range>
          <UML:MultiplicityRange lower="1" multiplicity="S.247" upper="1" xmi.id="S.248"/>
         </UML:Multiplicity.range>
        </UML:Multiplicity>
       </UML:StructuralFeature.multiplicity>
      </UML:Attribute>
      <UML:Attribute attributeLink="S.251" changeability="changeable" isSpecification="false" name="enginePower" ordering="unordered" owner="S.242" ownerScope="instance" targetScope="instance" type="S.14" visibility="public" xmi.id="S.249">
       <UML:Attribute.initialValue>
        <UML:Expression body="" xmi.id="S.250"/>
       </UML:Attribute.initialValue>
       <UML:StructuralFeature.multiplicity>
        <UML:Multiplicity xmi.id="S.252">
         <UML:Multiplicity.range>
          <UML:MultiplicityRange lower="1" multiplicity="S.252" upper="1" xmi.id="S.253"/>
         </UML:Multiplicity.range>
        </UML:Multiplicity>
       </UML:StructuralFeature.multiplicity>
      </UML:Attribute>
      <UML:Attribute attributeLink="S.256" changeability="changeable" isSpecification="false" name="reliabilityScore" ordering="unordered" owner="S.242" ownerScope="instance" targetScope="instance" type="S.46" visibility="public" xmi.id="S.254">
       <UML:Attribute.initialValue>
        <UML:Expression body="" xmi.id="S.255"/>
       </UML:Attribute.initialValue>
       <UML:StructuralFeature.multiplicity>
        <UML:Multiplicity xmi.id="S.257">
         <UML:Multiplicity.range>
          <UML:MultiplicityRange lower="1" multiplicity="S.257" upper="1" xmi.id="S.258"/>
         </UML:Multiplicity.range>
        </UML:Multiplicity>
       </UML:StructuralFeature.multiplicity>
      </UML:Attribute>
     </UML:Classifier.feature>
    </UML:Class>
    <UML:Class instance="S.259" isAbstract="false" isActive="true" isLeaf="false" isRoot="false" isSpecification="false" name="Car" namespace="S.1" visibility="public" xmi.id="S.216">
     <UML:Classifier.feature>
      <UML:Attribute attributeLink="S.262" changeability="changeable" isSpecification="false" name="version" ordering="unordered" owner="S.216" ownerScope="instance" targetScope="instance" type="S.74" visibility="public" xmi.id="S.260">
       <UML:Attribute.initialValue>
        <UML:Expression body="" xmi.id="S.261"/>
       </UML:Attribute.initialValue>
       <UML:StructuralFeature.multiplicity>
        <UML:Multiplicity xmi.id="S.263">
         <UML:Multiplicity.range>
          <UML:MultiplicityRange lower="1" multiplicity="S.263" upper="1" xmi.id="S.264"/>
         </UML:Multiplicity.range>
        </UML:Multiplicity>
       </UML:StructuralFeature.multiplicity>
      </UML:Attribute>
      <UML:Attribute attributeLink="S.267" changeability="changeable" isSpecification="false" name="torque" ordering="unordered" owner="S.216" ownerScope="instance" targetScope="instance" type="S.14" visibility="public" xmi.id="S.265">
       <UML:Attribute.initialValue>
        <UML:Expression body="" xmi.id="S.266"/>
       </UML:Attribute.initialValue>
       <UML:StructuralFeature.multiplicity>
        <UML:Multiplicity xmi.id="S.268">
         <UML:Multiplicity.range>
          <UML:MultiplicityRange lower="1" multiplicity="S.268" upper="1" xmi.id="S.269"/>
         </UML:Multiplicity.range>
        </UML:Multiplicity>
       </UML:StructuralFeature.multiplicity>
      </UML:Attribute>
      <UML:Attribute attributeLink="S.272" changeability="changeable" isSpecification="false" name="tires" ordering="unordered" owner="S.216" ownerScope="instance" targetScope="instance" type="S.233" visibility="public" xmi.id="S.270">
       <UML:Attribute.initialValue>
        <UML:Expression body="" xmi.id="S.271"/>
       </UML:Attribute.initialValue>
       <UML:StructuralFeature.multiplicity>
        <UML:Multiplicity xmi.id="S.273">
         <UML:Multiplicity.range>
          <UML:MultiplicityRange lower="1" multiplicity="S.273" upper="1" xmi.id="S.274"/>
         </UML:Multiplicity.range>
        </UML:Multiplicity>
       </UML:StructuralFeature.multiplicity>
      </UML:Attribute>
      <UML:Attribute attributeLink="S.277" changeability="changeable" isSpecification="false" name="aero" ordering="unordered" owner="S.216" ownerScope="instance" targetScope="instance" type="S.74" visibility="public" xmi.id="S.275">
       <UML:Attribute.initialValue>
        <UML:Expression body="" xmi.id="S.276"/>
       </UML:Attribute.initialValue>
       <UML:StructuralFeature.multiplicity>
        <UML:Multiplicity xmi.id="S.278">
         <UML:Multiplicity.range>
          <UML:MultiplicityRange lower="1" multiplicity="S.278" upper="1" xmi.id="S.279"/>
         </UML:Multiplicity.range>
        </UML:Multiplicity>
       </UML:StructuralFeature.multiplicity>
      </UML:Attribute>
      <UML:Attribute attributeLink="S.282" changeability="changeable" isSpecification="false" name="isOn" ordering="unordered" owner="S.216" ownerScope="instance" targetScope="instance" type="S.90" visibility="public" xmi.id="S.280">
       <UML:Attribute.initialValue>
        <UML:Expression body="" xmi.id="S.281"/>
       </UML:Attribute.initialValue>
       <UML:StructuralFeature.multiplicity>
        <UML:Multiplicity xmi.id="S.283">
         <UML:Multiplicity.range>
          <UML:MultiplicityRange lower="1" multiplicity="S.283" upper="1" xmi.id="S.284"/>
         </UML:Multiplicity.range>
        </UML:Multiplicity>
       </UML:StructuralFeature.multiplicity>
      </UML:Attribute>
     </UML:Classifier.feature>
    </UML:Class>
    <UML:Class instance="S.285 S.286 S.287 S.288 S.289 S.290 S.291 S.292 S.293" isAbstract="false" isActive="true" isLeaf="false" isRoot="false" isSpecification="false" name="Date" namespace="S.1" visibility="public" xmi.id="S.196">
     <UML:Classifier.feature>
      <UML:Attribute attributeLink="S.296 S.297 S.298 S.299" changeability="changeable" isSpecification="false" name="day" ordering="unordered" owner="S.196" ownerScope="instance" targetScope="instance" type="S.14" visibility="public" xmi.id="S.294">
       <UML:Attribute.initialValue>
        <UML:Expression body="" xmi.id="S.295"/>
       </UML:Attribute.initialValue>
       <UML:StructuralFeature.multiplicity>
        <UML:Multiplicity xmi.id="S.300">
         <UML:Multiplicity.range>
          <UML:MultiplicityRange lower="1" multiplicity="S.300" upper="1" xmi.id="S.301"/>
         </UML:Multiplicity.range>
        </UML:Multiplicity>
       </UML:StructuralFeature.multiplicity>
      </UML:Attribute>
      <UML:Attribute attributeLink="S.304 S.305 S.306 S.307" changeability="changeable" isSpecification="false" name="month" ordering="unordered" owner="S.196" ownerScope="instance" targetScope="instance" type="S.14" visibility="public" xmi.id="S.302">
       <UML:Attribute.initialValue>
        <UML:Expression body="" xmi.id="S.303"/>
       </UML:Attribute.initialValue>
       <UML:StructuralFeature.multiplicity>
        <UML:Multiplicity xmi.id="S.308">
         <UML:Multiplicity.range>
          <UML:MultiplicityRange lower="1" multiplicity="S.308" upper="1" xmi.id="S.309"/>
         </UML:Multiplicity.range>
        </UML:Multiplicity>
       </UML:StructuralFeature.multiplicity>
      </UML:Attribute>
      <UML:Attribute attributeLink="S.312 S.313 S.314 S.315" changeability="changeable" isSpecification="false" name="year" ordering="unordered" owner="S.196" ownerScope="instance" targetScope="instance" type="S.14" visibility="public" xmi.id="S.310">
       <UML:Attribute.initialValue>
        <UML:Expression body="" xmi.id="S.311"/>
       </UML:Attribute.initialValue>
       <UML:StructuralFeature.multiplicity>
        <UML:Multiplicity xmi.id="S.316">
         <UML:Multiplicity.range>
          <UML:MultiplicityRange lower="1" multiplicity="S.316" upper="1" xmi.id="S.317"/>
         </UML:Multiplicity.range>
        </UML:Multiplicity>
       </UML:StructuralFeature.multiplicity>
      </UML:Attribute>
     </UML:Classifier.feature>
    </UML:Class>
    <UML:Association isAbstract="false" isLeaf="false" isRoot="false" isSpecification="false" link="S.327" name="A_Team_Engineer" namespace="S.1" visibility="public" xmi.id="S.318">
     <UML:Association.connection>
      <UML:AssociationEnd aggregation="none" association="S.318" changeability="changeable" isNavigable="true" isSpecification="false" linkEnd="S.320" name="team" ordering="unordered" targetScope="instance" type="S.137" visibility="public" xmi.id="S.319">
       <UML:AssociationEnd.multiplicity>
        <UML:Multiplicity xmi.id="S.321">
         <UML:Multiplicity.range>
          <UML:MultiplicityRange lower="1" multiplicity="S.321" upper="1" xmi.id="S.322"/>
         </UML:Multiplicity.range>
        </UML:Multiplicity>
       </UML:AssociationEnd.multiplicity>
      </UML:AssociationEnd>
      <UML:AssociationEnd aggregation="none" association="S.318" changeability="changeable" isNavigable="true" isSpecification="false" linkEnd="S.324" name="engineer" ordering="unordered" targetScope="instance" type="S.218" visibility="public" xmi.id="S.323">
       <UML:AssociationEnd.multiplicity>
        <UML:Multiplicity xmi.id="S.325">
         <UML:Multiplicity.range>
          <UML:MultiplicityRange lower="1" multiplicity="S.325" upper="-1" xmi.id="S.326"/>
         </UML:Multiplicity.range>
        </UML:Multiplicity>
       </UML:AssociationEnd.multiplicity>
      </UML:AssociationEnd>
     </UML:Association.connection>
    </UML:Association>
    <UML:Association isAbstract="false" isLeaf="false" isRoot="false" isSpecification="false" link="S.337" name="A_Team_Car" namespace="S.1" visibility="public" xmi.id="S.328">
     <UML:Association.connection>
      <UML:AssociationEnd aggregation="none" association="S.328" changeability="changeable" isNavigable="true" isSpecification="false" linkEnd="S.330" name="team" ordering="unordered" targetScope="instance" type="S.137" visibility="public" xmi.id="S.329">
       <UML:AssociationEnd.multiplicity>
        <UML:Multiplicity xmi.id="S.331">
         <UML:Multiplicity.range>
          <UML:MultiplicityRange lower="1" multiplicity="S.331" upper="1" xmi.id="S.332"/>
         </UML:Multiplicity.range>
        </UML:Multiplicity>
       </UML:AssociationEnd.multiplicity>
      </UML:AssociationEnd>
      <UML:AssociationEnd aggregation="none" association="S.328" changeability="changeable" isNavigable="true" isSpecification="false" linkEnd="S.334" name="car" ordering="unordered" targetScope="instance" type="S.216" visibility="public" xmi.id="S.333">
       <UML:AssociationEnd.multiplicity>
        <UML:Multiplicity xmi.id="S.335">
         <UML:Multiplicity.range>
          <UML:MultiplicityRange lower="2" multiplicity="S.335" upper="2" xmi.id="S.336"/>
         </UML:Multiplicity.range>
        </UML:Multiplicity>
       </UML:AssociationEnd.multiplicity>
      </UML:AssociationEnd>
     </UML:Association.connection>
    </UML:Association>
    <UML:Association isAbstract="false" isLeaf="false" isRoot="false" isSpecification="false" name="A_Team_EngineSupplier" namespace="S.1" visibility="public" xmi.id="S.338">
     <UML:Association.connection>
      <UML:AssociationEnd aggregation="none" association="S.338" changeability="changeable" isNavigable="true" isSpecification="false" name="team" ordering="unordered" targetScope="instance" type="S.137" visibility="public" xmi.id="S.339">
       <UML:AssociationEnd.multiplicity>
        <UML:Multiplicity xmi.id="S.340">
         <UML:Multiplicity.range>
          <UML:MultiplicityRange lower="1" multiplicity="S.340" upper="-1" xmi.id="S.341"/>
         </UML:Multiplicity.range>
        </UML:Multiplicity>
       </UML:AssociationEnd.multiplicity>
      </UML:AssociationEnd>
      <UML:AssociationEnd aggregation="none" association="S.338" changeability="changeable" isNavigable="true" isSpecification="false" name="engineSupplier" ordering="unordered" targetScope="instance" type="S.242" visibility="public" xmi.id="S.342">
       <UML:AssociationEnd.multiplicity>
        <UML:Multiplicity xmi.id="S.343">
         <UML:Multiplicity.range>
          <UML:MultiplicityRange lower="1" multiplicity="S.343" upper="1" xmi.id="S.344"/>
         </UML:Multiplicity.range>
        </UML:Multiplicity>
       </UML:AssociationEnd.multiplicity>
      </UML:AssociationEnd>
     </UML:Association.connection>
    </UML:Association>
    <UML:AssociationClass instance="S.355 S.356" isAbstract="false" isActive="true" isLeaf="true" isRoot="true" isSpecification="false" link="S.355 S.356" name="Contract" namespace="S.1" visibility="public" xmi.id="S.161">
     <UML:Association.connection>
      <UML:AssociationEnd aggregation="none" association="S.161" changeability="changeable" isNavigable="true" isSpecification="false" linkEnd="S.346 S.347" name="team" ordering="unordered" targetScope="instance" type="S.137" visibility="public" xmi.id="S.345">
       <UML:AssociationEnd.multiplicity>
        <UML:Multiplicity xmi.id="S.348">
         <UML:Multiplicity.range>
          <UML:MultiplicityRange lower="1" multiplicity="S.348" upper="1" xmi.id="S.349"/>
         </UML:Multiplicity.range>
        </UML:Multiplicity>
       </UML:AssociationEnd.multiplicity>
      </UML:AssociationEnd>
      <UML:AssociationEnd aggregation="none" association="S.161" changeability="changeable" isNavigable="true" isSpecification="false" linkEnd="S.351 S.352" name="driver" ordering="unordered" targetScope="instance" type="S.163" visibility="public" xmi.id="S.350">
       <UML:AssociationEnd.multiplicity>
        <UML:Multiplicity xmi.id="S.353">
         <UML:Multiplicity.range>
          <UML:MultiplicityRange lower="2" multiplicity="S.353" upper="2" xmi.id="S.354"/>
         </UML:Multiplicity.range>
        </UML:Multiplicity>
       </UML:AssociationEnd.multiplicity>
      </UML:AssociationEnd>
     </UML:Association.connection>
     <UML:Classifier.feature>
      <UML:Attribute attributeLink="S.359 S.360" changeability="changeable" isSpecification="false" name="endDate" ordering="unordered" owner="S.161" ownerScope="instance" targetScope="instance" type="S.196" visibility="protected" xmi.id="S.357">
       <UML:Attribute.initialValue>
        <UML:Expression body="" xmi.id="S.358"/>
       </UML:Attribute.initialValue>
       <UML:StructuralFeature.multiplicity>
        <UML:Multiplicity xmi.id="S.361">
         <UML:Multiplicity.range>
          <UML:MultiplicityRange lower="1" multiplicity="S.361" upper="1" xmi.id="S.362"/>
         </UML:Multiplicity.range>
        </UML:Multiplicity>
       </UML:StructuralFeature.multiplicity>
      </UML:Attribute>
      <UML:Attribute attributeLink="S.365 S.366" changeability="changeable" isSpecification="false" name="startDate" ordering="unordered" owner="S.161" ownerScope="instance" targetScope="instance" type="S.196" visibility="protected" xmi.id="S.363">
       <UML:Attribute.initialValue>
        <UML:Expression body="" xmi.id="S.364"/>
       </UML:Attribute.initialValue>
       <UML:StructuralFeature.multiplicity>
        <UML:Multiplicity xmi.id="S.367">
         <UML:Multiplicity.range>
          <UML:MultiplicityRange lower="1" multiplicity="S.367" upper="1" xmi.id="S.368"/>
         </UML:Multiplicity.range>
        </UML:Multiplicity>
       </UML:StructuralFeature.multiplicity>
      </UML:Attribute>
      <UML:Attribute attributeLink="S.371 S.372" changeability="changeable" isSpecification="false" name="salary" ordering="unordered" owner="S.161" ownerScope="instance" targetScope="instance" type="S.46" visibility="protected" xmi.id="S.369">
       <UML:Attribute.initialValue>
        <UML:Expression body="" xmi.id="S.370"/>
       </UML:Attribute.initialValue>
       <UML:StructuralFeature.multiplicity>
        <UML:Multiplicity xmi.id="S.373">
         <UML:Multiplicity.range>
          <UML:MultiplicityRange lower="1" multiplicity="S.373" upper="1" xmi.id="S.374"/>
         </UML:Multiplicity.range>
        </UML:Multiplicity>
       </UML:StructuralFeature.multiplicity>
      </UML:Attribute>
     </UML:Classifier.feature>
    </UML:AssociationClass>
    <UML:Association isAbstract="false" isLeaf="false" isRoot="false" isSpecification="false" name="A_Contract_Date" namespace="S.1" visibility="public" xmi.id="S.375">
     <UML:Association.connection>
      <UML:AssociationEnd aggregation="composite" association="S.375" changeability="changeable" isNavigable="true" isSpecification="false" name="contract" ordering="unordered" targetScope="instance" type="S.161" visibility="public" xmi.id="S.376">
       <UML:AssociationEnd.multiplicity>
        <UML:Multiplicity xmi.id="S.377">
         <UML:Multiplicity.range>
          <UML:MultiplicityRange lower="1" multiplicity="S.377" upper="1" xmi.id="S.378"/>
         </UML:Multiplicity.range>
        </UML:Multiplicity>
       </UML:AssociationEnd.multiplicity>
      </UML:AssociationEnd>
      <UML:AssociationEnd aggregation="none" association="S.375" changeability="changeable" isNavigable="true" isSpecification="false" name="date" ordering="unordered" targetScope="instance" type="S.196" visibility="public" xmi.id="S.379">
       <UML:AssociationEnd.multiplicity>
        <UML:Multiplicity xmi.id="S.380">
         <UML:Multiplicity.range>
          <UML:MultiplicityRange lower="1" multiplicity="S.380" upper="1" xmi.id="S.381"/>
         </UML:Multiplicity.range>
        </UML:Multiplicity>
       </UML:AssociationEnd.multiplicity>
      </UML:AssociationEnd>
     </UML:Association.connection>
    </UML:Association>
    <UML:Collaboration isAbstract="false" isLeaf="false" isRoot="false" isSpecification="false" name="Collaboration" namespace="S.1" visibility="public" xmi.id="S.382">
     <UML:Namespace.ownedElement>
      <UML:Object attributeLink="S.365 S.366" classifier="S.196" isSpecification="false" name="d3" namespace="S.382" visibility="public" xmi.id="S.285">
       <UML:Instance.slot>
        <UML:AttributeLink attribute="S.294" instance="S.285" isSpecification="false" name="day" value="S.15" xmi.id="S.296"/>
        <UML:AttributeLink attribute="S.302" instance="S.285" isSpecification="false" name="month" value="S.15" xmi.id="S.304"/>
        <UML:AttributeLink attribute="S.310" instance="S.285" isSpecification="false" name="year" value="S.16" xmi.id="S.312"/>
       </UML:Instance.slot>
      </UML:Object>
      <UML:Object attributeLink="S.359 S.360" classifier="S.196" isSpecification="false" name="d4" namespace="S.382" visibility="public" xmi.id="S.286">
       <UML:Instance.slot>
        <UML:AttributeLink attribute="S.294" instance="S.286" isSpecification="false" name="day" value="S.15" xmi.id="S.297"/>
        <UML:AttributeLink attribute="S.302" instance="S.286" isSpecification="false" name="month" value="S.15" xmi.id="S.305"/>
        <UML:AttributeLink attribute="S.310" instance="S.286" isSpecification="false" name="year" value="S.17" xmi.id="S.313"/>
       </UML:Instance.slot>
      </UML:Object>
      <UML:Object attributeLink="S.193 S.195" classifier="S.196" isSpecification="false" name="d1" namespace="S.382" visibility="public" xmi.id="S.287">
       <UML:Instance.slot>
        <UML:AttributeLink attribute="S.294" instance="S.287" isSpecification="false" name="day" value="S.19" xmi.id="S.298"/>
        <UML:AttributeLink attribute="S.302" instance="S.287" isSpecification="false" name="month" value="S.20" xmi.id="S.306"/>
        <UML:AttributeLink attribute="S.310" instance="S.287" isSpecification="false" name="year" value="S.21" xmi.id="S.314"/>
       </UML:Instance.slot>
      </UML:Object>
      <UML:Object attributeLink="S.194" classifier="S.196" isSpecification="false" name="d2" namespace="S.382" visibility="public" xmi.id="S.289">
       <UML:Instance.slot>
        <UML:AttributeLink attribute="S.207" instance="S.289" isSpecification="false" name="experience" value="S.18" xmi.id="S.209"/>
        <UML:AttributeLink attribute="S.165" instance="S.289" isSpecification="false" name="name" value="S.75" xmi.id="S.167"/>
        <UML:AttributeLink attribute="S.173" instance="S.289" isSpecification="false" name="age" value="S.18" xmi.id="S.175"/>
        <UML:AttributeLink attribute="S.181" instance="S.289" isSpecification="false" name="sex" value="S.203" xmi.id="S.183"/>
        <UML:AttributeLink attribute="S.190" instance="S.289" isSpecification="false" name="dateOfBirth" value="S.288" xmi.id="S.192"/>
        <UML:AttributeLink attribute="S.294" instance="S.289" isSpecification="false" name="day" value="S.20" xmi.id="S.299"/>
        <UML:AttributeLink attribute="S.302" instance="S.289" isSpecification="false" name="month" value="S.22" xmi.id="S.307"/>
        <UML:AttributeLink attribute="S.310" instance="S.289" isSpecification="false" name="year" value="S.23" xmi.id="S.315"/>
       </UML:Instance.slot>
      </UML:Object>
      <UML:Object classifier="S.163" isSpecification="false" linkEnd="S.351" name="dr1" namespace="S.382" visibility="public" xmi.id="S.205">
       <UML:Instance.slot>
        <UML:AttributeLink attribute="S.207" instance="S.205" isSpecification="false" name="experience" value="S.20" xmi.id="S.210"/>
        <UML:AttributeLink attribute="S.165" instance="S.205" isSpecification="false" name="name" value="S.76" xmi.id="S.168"/>
        <UML:AttributeLink attribute="S.173" instance="S.205" isSpecification="false" name="age" value="S.24" xmi.id="S.176"/>
        <UML:AttributeLink attribute="S.181" instance="S.205" isSpecification="false" name="sex" value="S.204" xmi.id="S.184"/>
        <UML:AttributeLink attribute="S.190" instance="S.205" isSpecification="false" name="dateOfBirth" value="S.287" xmi.id="S.193"/>
       </UML:Instance.slot>
      </UML:Object>
      <UML:Object classifier="S.163" isSpecification="false" linkEnd="S.352" name="dr2" namespace="S.382" visibility="public" xmi.id="S.206">
       <UML:Instance.slot>
        <UML:AttributeLink attribute="S.207" instance="S.206" isSpecification="false" name="experience" value="S.25" xmi.id="S.211"/>
        <UML:AttributeLink attribute="S.165" instance="S.206" isSpecification="false" name="name" value="S.77" xmi.id="S.169"/>
        <UML:AttributeLink attribute="S.173" instance="S.206" isSpecification="false" name="age" value="S.26" xmi.id="S.177"/>
        <UML:AttributeLink attribute="S.181" instance="S.206" isSpecification="false" name="sex" value="S.204" xmi.id="S.185"/>
        <UML:AttributeLink attribute="S.190" instance="S.206" isSpecification="false" name="dateOfBirth" value="S.289" xmi.id="S.194"/>
       </UML:Instance.slot>
      </UML:Object>
      <UML:Object classifier="S.218" isSpecification="false" linkEnd="S.324" name="e1" namespace="S.382" visibility="public" xmi.id="S.219">
       <UML:Instance.slot>
        <UML:AttributeLink attribute="S.220" instance="S.219" isSpecification="false" name="specialty" value="S.83" xmi.id="S.222"/>
        <UML:AttributeLink attribute="S.225" instance="S.219" isSpecification="false" name="experience" value="S.27" xmi.id="S.227"/>
        <UML:AttributeLink attribute="S.165" instance="S.219" isSpecification="false" name="name" value="S.79" xmi.id="S.170"/>
        <UML:AttributeLink attribute="S.173" instance="S.219" isSpecification="false" name="age" value="S.28" xmi.id="S.178"/>
        <UML:AttributeLink attribute="S.181" instance="S.219" isSpecification="false" name="sex" value="S.204" xmi.id="S.186"/>
        <UML:AttributeLink attribute="S.190" instance="S.219" isSpecification="false" name="dateOfBirth" value="S.287" xmi.id="S.195"/>
       </UML:Instance.slot>
      </UML:Object>
      <UML:Object classifier="S.242" isSpecification="false" name="en1" namespace="S.382" visibility="public" xmi.id="S.243">
       <UML:Instance.slot>
        <UML:AttributeLink attribute="S.244" instance="S.243" isSpecification="false" name="supplierName" value="S.80" xmi.id="S.246"/>
        <UML:AttributeLink attribute="S.249" instance="S.243" isSpecification="false" name="enginePower" value="S.29" xmi.id="S.251"/>
        <UML:AttributeLink attribute="S.254" instance="S.243" isSpecification="false" name="reliabilityScore" value="S.52" xmi.id="S.256"/>
       </UML:Instance.slot>
      </UML:Object>
      <UML:Object classifier="S.137" isSpecification="false" linkEnd="S.346 S.320 S.347 S.330" name="t1" namespace="S.382" visibility="public" xmi.id="S.138">
       <UML:Instance.slot>
        <UML:AttributeLink attribute="S.139" instance="S.138" isSpecification="false" name="teamName" value="S.81" xmi.id="S.141"/>
        <UML:AttributeLink attribute="S.144" instance="S.138" isSpecification="false" name="baseLocation" value="S.82" xmi.id="S.146"/>
        <UML:AttributeLink attribute="S.149" instance="S.138" isSpecification="false" name="budget" value="S.49" xmi.id="S.151"/>
        <UML:AttributeLink attribute="S.154" instance="S.138" isSpecification="false" name="salary" value="S.50" xmi.id="S.156"/>
       </UML:Instance.slot>
      </UML:Object>
      <UML:LinkObject association="S.161" classifier="S.161" isSpecification="false" name="A_t1_dr1" namespace="S.382" visibility="public" xmi.id="S.355">
       <UML:Link.connection>
        <UML:LinkEnd associationEnd="S.345" instance="S.138" isSpecification="false" link="S.355" name="team" xmi.id="S.346"/>
        <UML:LinkEnd associationEnd="S.350" instance="S.205" isSpecification="false" link="S.355" name="driver" xmi.id="S.351"/>
       </UML:Link.connection>
       <UML:Instance.slot>
        <UML:AttributeLink attribute="S.357" instance="S.355" isSpecification="false" name="endDate" value="S.286" xmi.id="S.359"/>
        <UML:AttributeLink attribute="S.363" instance="S.355" isSpecification="false" name="startDate" value="S.285" xmi.id="S.365"/>
        <UML:AttributeLink attribute="S.369" instance="S.355" isSpecification="false" name="salary" value="S.51" xmi.id="S.371"/>
       </UML:Instance.slot>
      </UML:LinkObject>
      <UML:Link association="S.318" isSpecification="false" name="A_t1_e1" namespace="S.382" visibility="public" xmi.id="S.327">
       <UML:Link.connection>
        <UML:LinkEnd associationEnd="S.319" instance="S.138" isSpecification="false" link="S.327" name="team" xmi.id="S.320"/>
        <UML:LinkEnd associationEnd="S.323" instance="S.219" isSpecification="false" link="S.327" name="engineer" xmi.id="S.324"/>
       </UML:Link.connection>
      </UML:Link>
      <UML:LinkObject association="S.161" classifier="S.161" isSpecification="false" name="A_dr2_t1" namespace="S.382" visibility="public" xmi.id="S.356">
       <UML:Link.connection>
        <UML:LinkEnd associationEnd="S.345" instance="S.138" isSpecification="false" link="S.356" name="team" xmi.id="S.347"/>
        <UML:LinkEnd associationEnd="S.350" instance="S.206" isSpecification="false" link="S.356" name="driver" xmi.id="S.352"/>
       </UML:Link.connection>
       <UML:Instance.slot>
        <UML:AttributeLink attribute="S.357" instance="S.356" isSpecification="false" name="endDate" value="S.286" xmi.id="S.360"/>
        <UML:AttributeLink attribute="S.363" instance="S.356" isSpecification="false" name="startDate" value="S.285" xmi.id="S.366"/>
        <UML:AttributeLink attribute="S.369" instance="S.356" isSpecification="false" name="salary" value="S.51" xmi.id="S.372"/>
       </UML:Instance.slot>
      </UML:LinkObject>
      <UML:Object classifier="S.216" isSpecification="false" linkEnd="S.334" name="c1" namespace="S.382" visibility="public" xmi.id="S.259">
       <UML:Instance.slot>
        <UML:AttributeLink attribute="S.260" instance="S.259" isSpecification="false" name="version" value="S.84" xmi.id="S.262"/>
        <UML:AttributeLink attribute="S.265" instance="S.259" isSpecification="false" name="torque" value="S.30" xmi.id="S.267"/>
        <UML:AttributeLink attribute="S.270" instance="S.259" isSpecification="false" name="tires" value="S.241" xmi.id="S.272"/>
        <UML:AttributeLink attribute="S.275" instance="S.259" isSpecification="false" name="aero" value="S.85" xmi.id="S.277"/>
        <UML:AttributeLink attribute="S.280" instance="S.259" isSpecification="false" name="isOn" value="S.92" xmi.id="S.282"/>
       </UML:Instance.slot>
      </UML:Object>
      <UML:Link association="S.328" isSpecification="false" name="A_t1_c1" namespace="S.382" visibility="public" xmi.id="S.337">
       <UML:Link.connection>
        <UML:LinkEnd associationEnd="S.329" instance="S.138" isSpecification="false" link="S.337" name="team" xmi.id="S.330"/>
        <UML:LinkEnd associationEnd="S.333" instance="S.259" isSpecification="false" link="S.337" name="car" xmi.id="S.334"/>
       </UML:Link.connection>
      </UML:Link>
     </UML:Namespace.ownedElement>
    </UML:Collaboration>
    <UML:DataValue attributeLink="S.296 S.304 S.297 S.305" classifier="S.14" isSpecification="false" name="1" namespace="S.1" visibility="public" xmi.id="S.15"/>
    <UML:DataValue attributeLink="S.312" classifier="S.14" isSpecification="false" name="2025" namespace="S.1" visibility="public" xmi.id="S.16"/>
    <UML:DataValue attributeLink="S.313" classifier="S.14" isSpecification="false" name="2026" namespace="S.1" visibility="public" xmi.id="S.17"/>
    <UML:DataValue attributeLink="S.209 S.175" classifier="S.14" isSpecification="false" name="" namespace="S.1" visibility="public" xmi.id="S.18"/>
    <UML:DataValue attributeLink="S.298" classifier="S.14" isSpecification="false" name="20" namespace="S.1" visibility="public" xmi.id="S.19"/>
    <UML:DataValue attributeLink="S.306 S.299 S.210" classifier="S.14" isSpecification="false" name="10" namespace="S.1" visibility="public" xmi.id="S.20"/>
    <UML:DataValue attributeLink="S.314" classifier="S.14" isSpecification="false" name="2003" namespace="S.1" visibility="public" xmi.id="S.21"/>
    <UML:DataValue attributeLink="S.167" classifier="S.74" isSpecification="false" name="" namespace="S.1" visibility="public" xmi.id="S.75"/>
    <UML:DataValue attributeLink="S.183" classifier="S.187" isSpecification="false" name="" namespace="S.1" visibility="public" xmi.id="S.203"/>
    <UML:DataValue attributeLink="S.192" classifier="S.196" isSpecification="false" name="" namespace="S.1" visibility="public" xmi.id="S.288"/>
    <UML:DataValue attributeLink="S.307" classifier="S.14" isSpecification="false" name="3" namespace="S.1" visibility="public" xmi.id="S.22"/>
    <UML:DataValue attributeLink="S.315" classifier="S.14" isSpecification="false" name="2004" namespace="S.1" visibility="public" xmi.id="S.23"/>
    <UML:DataValue attributeLink="S.168" classifier="S.74" isSpecification="false" name="Max Verstappen" namespace="S.1" visibility="public" xmi.id="S.76"/>
    <UML:DataValue attributeLink="S.176" classifier="S.14" isSpecification="false" name="30" namespace="S.1" visibility="public" xmi.id="S.24"/>
    <UML:DataValue attributeLink="S.184 S.185 S.186" classifier="S.187" isSpecification="false" name="male" namespace="S.1" visibility="public" xmi.id="S.204"/>
    <UML:DataValue attributeLink="S.211" classifier="S.14" isSpecification="false" name="9" namespace="S.1" visibility="public" xmi.id="S.25"/>
    <UML:DataValue attributeLink="S.169" classifier="S.74" isSpecification="false" name="Daniel Riccardo" namespace="S.1" visibility="public" xmi.id="S.77"/>
    <UML:DataValue attributeLink="S.177" classifier="S.14" isSpecification="false" name="29" namespace="S.1" visibility="public" xmi.id="S.26"/>
    <UML:DataValue classifier="S.74" isSpecification="false" name="&lt;undefined&gt;" namespace="S.1" visibility="public" xmi.id="S.78"/>
    <UML:DataValue attributeLink="S.227" classifier="S.14" isSpecification="false" name="36" namespace="S.1" visibility="public" xmi.id="S.27"/>
    <UML:DataValue attributeLink="S.170" classifier="S.74" isSpecification="false" name="Paul Monaghan" namespace="S.1" visibility="public" xmi.id="S.79"/>
    <UML:DataValue attributeLink="S.178" classifier="S.14" isSpecification="false" name="57" namespace="S.1" visibility="public" xmi.id="S.28"/>
    <UML:DataValue classifier="S.46" isSpecification="false" name="" namespace="S.1" visibility="public" xmi.id="S.47"/>
    <UML:DataValue attributeLink="S.246" classifier="S.74" isSpecification="false" name="Honda" namespace="S.1" visibility="public" xmi.id="S.80"/>
    <UML:DataValue attributeLink="S.251" classifier="S.14" isSpecification="false" name="1020" namespace="S.1" visibility="public" xmi.id="S.29"/>
    <UML:DataValue classifier="S.46" isSpecification="false" name="0.7" namespace="S.1" visibility="public" xmi.id="S.48"/>
    <UML:DataValue attributeLink="S.141" classifier="S.74" isSpecification="false" name="Red Bull Racing" namespace="S.1" visibility="public" xmi.id="S.81"/>
    <UML:DataValue attributeLink="S.146" classifier="S.74" isSpecification="false" name="idk" namespace="S.1" visibility="public" xmi.id="S.82"/>
    <UML:DataValue attributeLink="S.151" classifier="S.46" isSpecification="false" name="1000" namespace="S.1" visibility="public" xmi.id="S.49"/>
    <UML:DataValue attributeLink="S.156" classifier="S.46" isSpecification="false" name="200" namespace="S.1" visibility="public" xmi.id="S.50"/>
    <UML:DataValue attributeLink="S.371 S.372" classifier="S.46" isSpecification="false" name="100" namespace="S.1" visibility="public" xmi.id="S.51"/>
    <UML:DataValue attributeLink="S.256" classifier="S.46" isSpecification="false" name="0.85" namespace="S.1" visibility="public" xmi.id="S.52"/>
    <UML:DataValue attributeLink="S.222" classifier="S.74" isSpecification="false" name="chief" namespace="S.1" visibility="public" xmi.id="S.83"/>
    <UML:DataValue classifier="S.233" isSpecification="false" name="" namespace="S.1" visibility="public" xmi.id="S.240"/>
    <UML:DataValue classifier="S.90" isSpecification="false" name="" namespace="S.1" visibility="public" xmi.id="S.91"/>
    <UML:DataValue attributeLink="S.262" classifier="S.74" isSpecification="false" name="RB21" namespace="S.1" visibility="public" xmi.id="S.84"/>
    <UML:DataValue attributeLink="S.267" classifier="S.14" isSpecification="false" name="740" namespace="S.1" visibility="public" xmi.id="S.30"/>
    <UML:DataValue attributeLink="S.272" classifier="S.233" isSpecification="false" name="soft" namespace="S.1" visibility="public" xmi.id="S.241"/>
    <UML:DataValue attributeLink="S.277" classifier="S.74" isSpecification="false" name="light" namespace="S.1" visibility="public" xmi.id="S.85"/>
    <UML:DataValue attributeLink="S.282" classifier="S.90" isSpecification="false" name="true" namespace="S.1" visibility="public" xmi.id="S.92"/>
   </UML:Namespace.ownedElement>
  </UML:Model>
  <UML:Instance classifier="S.196" isSpecification="false" name="" xmi.id="S.292" xmlns:UML="http://lci/xml"/>
  <UML:Instance classifier="S.196" isSpecification="false" name="" xmi.id="S.291" xmlns:UML="http://lci/xml"/>
  <UML:Instance classifier="S.196" isSpecification="false" name="" xmi.id="S.290" xmlns:UML="http://lci/xml"/>
  <UML:Instance classifier="S.196" isSpecification="false" name="" xmi.id="S.293" xmlns:UML="http://lci/xml"/>
 </XMI.content>
</XMI>
