<?xml version="1.0" encoding="UTF-8" standalone="no"?>
<XMI xmlns:UML="//org.omg/UML/1.3" xmi.version="1.1">
 <XMI.header>
  <XMI.documentation>
   <XMI.exporter>ocle 2.0</XMI.exporter>
   <XMI.exporterVersion>1.0</XMI.exporterVersion>
  </XMI.documentation>
  <XMI.metamodel xmi.name="UML" xmi.version="1.3"/>
 </XMI.header>
 <XMI.content>
  <UML:Model isAbstract="false" isLeaf="true" isRoot="true" isSpecification="false" name="F1TeamModel" visibility="public" xmi.id="S.1" xmlns:UML="http://lci/xml">
   <UML:Namespace.ownedElement>
    <UML:Stereotype baseClass="AssociationEnd" isAbstract="false" isLeaf="false" isRoot="false" isSpecification="false" name="global" namespace="S.1" visibility="package" xmi.id="S.2"/>
    <UML:Stereotype baseClass="Abstraction" isAbstract="false" isLeaf="false" isRoot="false" isSpecification="false" name="file" namespace="S.1" visibility="package" xmi.id="S.3"/>
    <UML:Stereotype baseClass="Package" isAbstract="false" isLeaf="false" isRoot="false" isSpecification="false" name="facade" namespace="S.1" visibility="package" xmi.id="S.4"/>
    <UML:DataType isAbstract="false" isLeaf="false" isRoot="false" isSpecification="false" name="undefined" namespace="S.1" visibility="package" xmi.id="S.5"/>
    <UML:Stereotype baseClass="Package" isAbstract="false" isLeaf="false" isRoot="false" isSpecification="false" name="systemModel" namespace="S.1" visibility="package" xmi.id="S.6"/>
    <UML:Stereotype baseClass="Package" isAbstract="false" isLeaf="false" isRoot="false" isSpecification="false" name="framework" namespace="S.1" visibility="package" xmi.id="S.7"/>
    <UML:Stereotype baseClass="Classifier" isAbstract="false" isLeaf="false" isRoot="false" isSpecification="false" name="enumeration" namespace="S.1" visibility="package" xmi.id="S.8"/>
    <UML:Stereotype baseClass="AssociationEnd" isAbstract="false" isLeaf="false" isRoot="false" isSpecification="false" name="association" namespace="S.1" visibility="package" xmi.id="S.9"/>
    <UML:Stereotype baseClass="Constraint" isAbstract="false" isLeaf="false" isRoot="false" isSpecification="false" name="precondition" namespace="S.1" visibility="package" xmi.id="S.10"/>
    <UML:Stereotype baseClass="Constraint" isAbstract="false" isLeaf="false" isRoot="false" isSpecification="false" name="invariant" namespace="S.1" visibility="package" xmi.id="S.11"/>
    <UML:Stereotype baseClass="Abstraction" isAbstract="false" isLeaf="false" isRoot="false" isSpecification="false" name="executable" namespace="S.1" visibility="package" xmi.id="S.12"/>
    <UML:Stereotype baseClass="Package" isAbstract="false" isLeaf="false" isRoot="false" isSpecification="false" name="profile" namespace="S.1" visibility="package" xmi.id="S.13"/>
    <UML:DataType isAbstract="false" isLeaf="false" isRoot="false" isSpecification="false" name="Integer" namespace="S.1" visibility="package" xmi.id="S.14"/>
    <UML:Stereotype baseClass="Class" isAbstract="false" isLeaf="false" isRoot="false" isSpecification="false" name="powertype" namespace="S.1" visibility="package" xmi.id="S.15"/>
    <UML:Stereotype baseClass="Abstraction" isAbstract="false" isLeaf="false" isRoot="false" isSpecification="false" name="document" namespace="S.1" visibility="package" xmi.id="S.16"/>
    <UML:Stereotype baseClass="Abstraction" isAbstract="false" isLeaf="false" isRoot="false" isSpecification="false" name="trace" namespace="S.1" visibility="package" xmi.id="S.17"/>
    <UML:Stereotype baseClass="AssociationEnd" isAbstract="false" isLeaf="false" isRoot="false" isSpecification="false" name="self" namespace="S.1" visibility="package" xmi.id="S.18"/>
    <UML:Stereotype baseClass="AssociationEnd" isAbstract="false" isLeaf="false" isRoot="false" isSpecification="false" name="local" namespace="S.1" visibility="package" xmi.id="S.19"/>
    <UML:Stereotype baseClass="Permission" isAbstract="false" isLeaf="false" isRoot="false" isSpecification="false" name="import" namespace="S.1" visibility="package" xmi.id="S.20"/>
    <UML:Stereotype baseClass="AssociationEnd" isAbstract="false" isLeaf="false" isRoot="false" isSpecification="false" name="parameter" namespace="S.1" visibility="package" xmi.id="S.21"/>
    <UML:Stereotype baseClass="Comment" isAbstract="false" isLeaf="false" isRoot="false" isSpecification="false" name="requirement" namespace="S.1" visibility="package" xmi.id="S.22"/>
    <UML:Stereotype baseClass="Comment" isAbstract="false" isLeaf="false" isRoot="false" isSpecification="false" name="responsibility" namespace="S.1" visibility="package" xmi.id="S.23"/>
    <UML:Stereotype baseClass="BehavioralFeature CallEvent" isAbstract="false" isLeaf="false" isRoot="false" isSpecification="false" name="destroy" namespace="S.1" visibility="package" xmi.id="S.24"/>
    <UML:Stereotype baseClass="Class Generalization" isAbstract="false" isLeaf="false" isRoot="false" isSpecification="false" name="implementation" namespace="S.1" visibility="package" xmi.id="S.25"/>
    <UML:Stereotype baseClass="Usage" isAbstract="false" isLeaf="false" isRoot="false" isSpecification="false" name="call" namespace="S.1" visibility="package" xmi.id="S.26"/>
    <UML:Stereotype baseClass="Package" isAbstract="false" isLeaf="false" isRoot="false" isSpecification="false" name="appliedProfile" namespace="S.1" visibility="package" xmi.id="S.27"/>
    <UML:Stereotype baseClass="Class" isAbstract="false" isLeaf="false" isRoot="false" isSpecification="false" name="type" namespace="S.1" visibility="package" xmi.id="S.28"/>
    <UML:Stereotype baseClass="Class" isAbstract="false" isLeaf="false" isRoot="false" isSpecification="false" name="focus" namespace="S.1" visibility="package" xmi.id="S.29"/>
    <UML:DataType isAbstract="false" isLeaf="false" isRoot="false" isSpecification="false" name="Real" namespace="S.1" visibility="package" xmi.id="S.30"/>
    <UML:Stereotype baseClass="Usage" isAbstract="false" isLeaf="false" isRoot="false" isSpecification="false" name="send" namespace="S.1" visibility="package" xmi.id="S.31"/>
    <UML:Stereotype baseClass="Classifier" isAbstract="false" isLeaf="false" isRoot="false" isSpecification="false" name="process" namespace="S.1" visibility="package" xmi.id="S.32"/>
    <UML:Stereotype baseClass="Permission" isAbstract="false" isLeaf="false" isRoot="false" isSpecification="false" name="access" namespace="S.1" visibility="package" xmi.id="S.33"/>
    <UML:Stereotype baseClass="BehavioralFeature CallEvent Usage" isAbstract="false" isLeaf="false" isRoot="false" isSpecification="false" name="create" namespace="S.1" visibility="package" xmi.id="S.34"/>
    <UML:Stereotype baseClass="Abstraction" isAbstract="false" isLeaf="false" isRoot="false" isSpecification="false" name="refine" namespace="S.1" visibility="package" xmi.id="S.35"/>
    <UML:Stereotype baseClass="Abstraction" isAbstract="false" isLeaf="false" isRoot="false" isSpecification="false" name="source" namespace="S.1" visibility="package" xmi.id="S.36"/>
    <UML:DataType isAbstract="false" isLeaf="false" isRoot="false" isSpecification="false" name="UnlimitedInteger" namespace="S.1" visibility="package" xmi.id="S.37"/>
    <UML:Stereotype baseClass="Abstraction" isAbstract="false" isLeaf="false" isRoot="false" isSpecification="false" name="table" namespace="S.1" visibility="package" xmi.id="S.38"/>
    <UML:Stereotype baseClass="Package" isAbstract="false" isLeaf="false" isRoot="false" isSpecification="false" name="stub" namespace="S.1" visibility="package" xmi.id="S.39"/>
    <UML:Stereotype baseClass="Abstraction" isAbstract="false" isLeaf="false" isRoot="false" isSpecification="false" name="library" namespace="S.1" visibility="package" xmi.id="S.40"/>
    <UML:Stereotype baseClass="Abstraction" isAbstract="false" isLeaf="false" isRoot="false" isSpecification="false" name="realize" namespace="S.1" visibility="package" xmi.id="S.41"/>
    <UML:Stereotype baseClass="Abstraction" isAbstract="false" isLeaf="false" isRoot="false" isSpecification="false" name="derive" namespace="S.1" visibility="package" xmi.id="S.42"/>
    <UML:Stereotype baseClass="Flow" isAbstract="false" isLeaf="false" isRoot="false" isSpecification="false" name="copy" namespace="S.1" visibility="package" xmi.id="S.43"/>
    <UML:Stereotype baseClass="Class" isAbstract="false" isLeaf="false" isRoot="false" isSpecification="false" name="auxiliary" namespace="S.1" visibility="package" xmi.id="S.44"/>
    <UML:Stereotype baseClass="Flow" isAbstract="false" isLeaf="false" isRoot="false" isSpecification="false" name="become" namespace="S.1" visibility="package" xmi.id="S.45"/>
    <UML:Stereotype baseClass="ObjectFlowState" isAbstract="false" isLeaf="false" isRoot="false" isSpecification="false" name="signalflow" namespace="S.1" visibility="package" xmi.id="S.46"/>
    <UML:Stereotype baseClass="Usage" isAbstract="false" isLeaf="false" isRoot="false" isSpecification="false" name="instantiate" namespace="S.1" visibility="package" xmi.id="S.47"/>
    <UML:Stereotype baseClass="Constraint" isAbstract="false" isLeaf="false" isRoot="false" isSpecification="false" name="stateInvariant" namespace="S.1" visibility="package" xmi.id="S.48"/>
    <UML:Stereotype baseClass="Constraint" isAbstract="false" isLeaf="false" isRoot="false" isSpecification="false" name="postcondition" namespace="S.1" visibility="package" xmi.id="S.49"/>
    <UML:Stereotype baseClass="Classifier" isAbstract="false" isLeaf="false" isRoot="false" isSpecification="false" name="utility" namespace="S.1" visibility="package" xmi.id="S.50"/>
    <UML:Stereotype baseClass="Classifier" isAbstract="false" isLeaf="false" isRoot="false" isSpecification="false" name="thread" namespace="S.1" visibility="package" xmi.id="S.51"/>
    <UML:DataType isAbstract="false" isLeaf="false" isRoot="false" isSpecification="false" name="String" namespace="S.1" visibility="package" xmi.id="S.52"/>
    <UML:Stereotype baseClass="Package" isAbstract="false" isLeaf="false" isRoot="false" isSpecification="false" name="modelLibrary" namespace="S.1" visibility="package" xmi.id="S.53"/>
    <UML:Stereotype baseClass="Package" isAbstract="false" isLeaf="false" isRoot="false" isSpecification="false" name="metamodel" namespace="S.1" visibility="package" xmi.id="S.54"/>
    <UML:Stereotype baseClass="Class" isAbstract="false" isLeaf="false" isRoot="false" isSpecification="false" name="metaclass" namespace="S.1" visibility="package" xmi.id="S.55"/>
    <UML:Stereotype baseClass="Package" isAbstract="false" isLeaf="false" isRoot="false" isSpecification="false" name="topLevel" namespace="S.1" visibility="package" xmi.id="S.56"/>
    <UML:DataType isAbstract="false" isLeaf="false" isRoot="false" isSpecification="false" name="Boolean" namespace="S.1" visibility="package" xmi.id="S.57"/>
    <UML:Stereotype baseClass="Permission" isAbstract="false" isLeaf="false" isRoot="false" isSpecification="false" name="friend" namespace="S.1" visibility="package" xmi.id="S.58"/>
    <UML:Stereotype baseClass="Classifier" isAbstract="false" isLeaf="false" isRoot="false" isSpecification="false" name="DTDChoice" namespace="S.1" visibility="public" xmi.id="S.59"/>
    <UML:Stereotype baseClass="Classifier" isAbstract="false" isLeaf="false" isRoot="false" isSpecification="false" name="DTDSequence" namespace="S.1" visibility="public" xmi.id="S.60"/>
    <UML:Stereotype baseClass="Classifier" isAbstract="false" isLeaf="false" isRoot="false" isSpecification="false" name="DTDMixed" namespace="S.1" visibility="public" xmi.id="S.61"/>
    <UML:Stereotype baseClass="Classifier" isAbstract="false" isLeaf="false" isRoot="false" isSpecification="false" name="DTDAny" namespace="S.1" visibility="public" xmi.id="S.62"/>
    <UML:Stereotype baseClass="Classifier" isAbstract="false" isLeaf="false" isRoot="false" isSpecification="false" name="DTDAnyElement" namespace="S.1" visibility="public" xmi.id="S.63"/>
    <UML:Stereotype baseClass="Classifier" isAbstract="false" isLeaf="false" isRoot="false" isSpecification="false" name="DTDEmptyElement" namespace="S.1" visibility="public" xmi.id="S.64"/>
    <UML:Stereotype baseClass="Classifier" isAbstract="false" isLeaf="false" isRoot="false" isSpecification="false" name="DTDElement" namespace="S.1" visibility="public" xmi.id="S.65"/>
    <UML:Stereotype baseClass="Classifier" isAbstract="false" isLeaf="false" isRoot="false" isSpecification="false" name="DTDUndefinedElement" namespace="S.1" visibility="public" xmi.id="S.66"/>
    <UML:Stereotype baseClass="Attribute" isAbstract="false" isLeaf="false" isRoot="false" isSpecification="false" name="DTDUndefinedAttribute" namespace="S.1" visibility="public" xmi.id="S.67"/>
    <UML:Stereotype baseClass="Association" isAbstract="false" isLeaf="false" isRoot="false" isSpecification="false" name="DTDUndefinedAssociation" namespace="S.1" visibility="public" xmi.id="S.68"/>
    <UML:Stereotype baseClass="Association" isAbstract="false" isLeaf="false" isRoot="false" isSpecification="false" name="DTDInvalidAssociation" namespace="S.1" visibility="public" xmi.id="S.69"/>
    <UML:Stereotype baseClass="Attribute" isAbstract="false" isLeaf="false" isRoot="false" isSpecification="false" name="CDATA" namespace="S.1" visibility="public" xmi.id="S.70"/>
    <UML:Stereotype baseClass="Attribute" isAbstract="false" isLeaf="false" isRoot="false" isSpecification="false" name="ID" namespace="S.1" visibility="public" xmi.id="S.71"/>
    <UML:Stereotype baseClass="Attribute" isAbstract="false" isLeaf="false" isRoot="false" isSpecification="false" name="IDREF" namespace="S.1" visibility="public" xmi.id="S.72"/>
    <UML:Stereotype baseClass="Attribute" isAbstract="false" isLeaf="false" isRoot="false" isSpecification="false" name="IDREFS" namespace="S.1" visibility="public" xmi.id="S.73"/>
    <UML:Stereotype baseClass="Attribute" isAbstract="false" isLeaf="false" isRoot="false" isSpecification="false" name="NMTOKEN" namespace="S.1" visibility="public" xmi.id="S.74"/>
    <UML:Stereotype baseClass="Attribute" isAbstract="false" isLeaf="false" isRoot="false" isSpecification="false" name="NMTOKENS" namespace="S.1" visibility="public" xmi.id="S.75"/>
    <UML:Stereotype baseClass="Attribute" isAbstract="false" isLeaf="false" isRoot="false" isSpecification="false" name="ENTITY" namespace="S.1" visibility="public" xmi.id="S.76"/>
    <UML:Stereotype baseClass="Attribute" isAbstract="false" isLeaf="false" isRoot="false" isSpecification="false" name="ENTITIES" namespace="S.1" visibility="public" xmi.id="S.77"/>
    <UML:Stereotype baseClass="Attribute" isAbstract="false" isLeaf="false" isRoot="false" isSpecification="false" name="NOTATION" namespace="S.1" visibility="public" xmi.id="S.78"/>
    <UML:Stereotype baseClass="Attribute" isAbstract="false" isLeaf="false" isRoot="false" isSpecification="false" name="REQUIRED" namespace="S.1" visibility="public" xmi.id="S.79"/>
    <UML:Stereotype baseClass="Attribute" isAbstract="false" isLeaf="false" isRoot="false" isSpecification="false" name="IMPLIED" namespace="S.1" visibility="public" xmi.id="S.80"/>
    <UML:Stereotype baseClass="Attribute" isAbstract="false" isLeaf="false" isRoot="false" isSpecification="false" name="FIXED" namespace="S.1" visibility="public" xmi.id="S.81"/>
    <UML:Stereotype baseClass="AttributeLink" isAbstract="false" isLeaf="false" isRoot="false" isSpecification="false" name="XMLMissingAttribute" namespace="S.1" visibility="public" xmi.id="S.82"/>
    <UML:Stereotype baseClass="AttributeLink" isAbstract="false" isLeaf="false" isRoot="false" isSpecification="false" name="XMLUnexpectedAttribute" namespace="S.1" visibility="public" xmi.id="S.83"/>
    <UML:Stereotype baseClass="Object" isAbstract="false" isLeaf="false" isRoot="false" isSpecification="false" name="XMLMissingElement" namespace="S.1" visibility="public" xmi.id="S.84"/>
    <UML:Stereotype baseClass="Object" isAbstract="false" isLeaf="false" isRoot="false" isSpecification="false" name="XMLUnexpectedElement" namespace="S.1" visibility="public" xmi.id="S.85"/>
    <UML:Stereotype baseClass="Link" isAbstract="false" isLeaf="false" isRoot="false" isSpecification="false" name="XMLMissingLink" namespace="S.1" visibility="public" xmi.id="S.86"/>
    <UML:Stereotype baseClass="Link" isAbstract="false" isLeaf="false" isRoot="false" isSpecification="false" name="XMLUnexpectedLink" namespace="S.1" visibility="public" xmi.id="S.87"/>
    <UML:Stereotype baseClass="Link" isAbstract="false" isLeaf="false" isRoot="false" isSpecification="false" name="XMLInvalidLink" namespace="S.1" visibility="public" xmi.id="S.88"/>
    <UML:Stereotype baseClass="Collaboration" isAbstract="false" isLeaf="false" isRoot="false" isSpecification="false" name="XMLObjectsCollaboration" namespace="S.1" visibility="public" xmi.id="S.89"/>
    <UML:TagDefinition isSpecification="false" name="sequence" namespace="S.1" tagType="Integer" visibility="public" xmi.id="S.90">
     <UML:TagDefinition.multiplicity>
      <UML:Multiplicity xmi.id="S.91">
       <UML:Multiplicity.range>
        <UML:MultiplicityRange lower="1" multiplicity="S.91" upper="1" xmi.id="S.92"/>
       </UML:Multiplicity.range>
      </UML:Multiplicity>
     </UML:TagDefinition.multiplicity>
    </UML:TagDefinition>
    <UML:TagDefinition isSpecification="false" name="choice" namespace="S.1" tagType="Integer" visibility="public" xmi.id="S.93">
     <UML:TagDefinition.multiplicity>
      <UML:Multiplicity xmi.id="S.94">
       <UML:Multiplicity.range>
        <UML:MultiplicityRange lower="1" multiplicity="S.94" upper="1" xmi.id="S.95"/>
       </UML:Multiplicity.range>
      </UML:Multiplicity>
     </UML:TagDefinition.multiplicity>
    </UML:TagDefinition>
    <UML:TagDefinition isSpecification="false" name="mixed" namespace="S.1" tagType="Integer" visibility="public" xmi.id="S.96">
     <UML:TagDefinition.multiplicity>
      <UML:Multiplicity xmi.id="S.97">
       <UML:Multiplicity.range>
        <UML:MultiplicityRange lower="1" multiplicity="S.97" upper="1" xmi.id="S.98"/>
       </UML:Multiplicity.range>
      </UML:Multiplicity>
     </UML:TagDefinition.multiplicity>
    </UML:TagDefinition>
    <UML:TagDefinition isSpecification="false" name="any" namespace="S.1" tagType="Integer" visibility="public" xmi.id="S.99">
     <UML:TagDefinition.multiplicity>
      <UML:Multiplicity xmi.id="S.100">
       <UML:Multiplicity.range>
        <UML:MultiplicityRange lower="1" multiplicity="S.100" upper="1" xmi.id="S.101"/>
       </UML:Multiplicity.range>
      </UML:Multiplicity>
     </UML:TagDefinition.multiplicity>
    </UML:TagDefinition>
    <UML:Class isAbstract="false" isActive="true" isLeaf="false" isRoot="false" isSpecification="false" name="Team" namespace="S.1" visibility="public" xmi.id="S.102">
     <UML:Classifier.feature>
      <UML:Attribute changeability="changeable" isSpecification="false" name="teamName" ordering="unordered" owner="S.102" ownerScope="instance" targetScope="instance" type="S.52" visibility="public" xmi.id="S.103">
       <UML:Attribute.initialValue>
        <UML:Expression body="" xmi.id="S.104"/>
       </UML:Attribute.initialValue>
       <UML:StructuralFeature.multiplicity>
        <UML:Multiplicity xmi.id="S.105">
         <UML:Multiplicity.range>
          <UML:MultiplicityRange lower="1" multiplicity="S.105" upper="1" xmi.id="S.106"/>
         </UML:Multiplicity.range>
        </UML:Multiplicity>
       </UML:StructuralFeature.multiplicity>
      </UML:Attribute>
      <UML:Attribute changeability="changeable" isSpecification="false" name="baseLocation" ordering="unordered" owner="S.102" ownerScope="instance" targetScope="instance" type="S.52" visibility="public" xmi.id="S.107">
       <UML:Attribute.initialValue>
        <UML:Expression body="" xmi.id="S.108"/>
       </UML:Attribute.initialValue>
       <UML:StructuralFeature.multiplicity>
        <UML:Multiplicity xmi.id="S.109">
         <UML:Multiplicity.range>
          <UML:MultiplicityRange lower="1" multiplicity="S.109" upper="1" xmi.id="S.110"/>
         </UML:Multiplicity.range>
        </UML:Multiplicity>
       </UML:StructuralFeature.multiplicity>
      </UML:Attribute>
      <UML:Attribute changeability="changeable" isSpecification="false" name="budget" ordering="unordered" owner="S.102" ownerScope="instance" targetScope="instance" type="S.30" visibility="public" xmi.id="S.111">
       <UML:Attribute.initialValue>
        <UML:Expression body="" xmi.id="S.112"/>
       </UML:Attribute.initialValue>
       <UML:StructuralFeature.multiplicity>
        <UML:Multiplicity xmi.id="S.113">
         <UML:Multiplicity.range>
          <UML:MultiplicityRange lower="1" multiplicity="S.113" upper="1" xmi.id="S.114"/>
         </UML:Multiplicity.range>
        </UML:Multiplicity>
       </UML:StructuralFeature.multiplicity>
      </UML:Attribute>
      <UML:Attribute changeability="changeable" isSpecification="false" name="salary" ordering="unordered" owner="S.102" ownerScope="instance" targetScope="instance" type="S.30" visibility="public" xmi.id="S.115">
       <UML:Attribute.initialValue>
        <UML:Expression body="" xmi.id="S.116"/>
       </UML:Attribute.initialValue>
       <UML:StructuralFeature.multiplicity>
        <UML:Multiplicity xmi.id="S.117">
         <UML:Multiplicity.range>
          <UML:MultiplicityRange lower="1" multiplicity="S.117" upper="1" xmi.id="S.118"/>
         </UML:Multiplicity.range>
        </UML:Multiplicity>
       </UML:StructuralFeature.multiplicity>
      </UML:Attribute>
      <UML:Operation concurrency="concurrent" isAbstract="false" isLeaf="false" isQuery="false" isRoot="false" isSpecification="false" name="hireDriver" owner="S.102" ownerScope="instance" visibility="public" xmi.id="S.119">
       <UML:BehavioralFeature.parameter>
        <UML:Parameter behavioralFeature="S.119" isSpecification="false" kind="in" name="contract" type="S.121" xmi.id="S.120"/>
        <UML:Parameter behavioralFeature="S.119" isSpecification="false" kind="in" name="driver" type="S.123" xmi.id="S.122"/>
       </UML:BehavioralFeature.parameter>
      </UML:Operation>
     </UML:Classifier.feature>
    </UML:Class>
    <UML:Class isAbstract="false" isActive="true" isLeaf="false" isRoot="false" isSpecification="false" name="Person" namespace="S.1" specialization="S.143 S.144" visibility="public" xmi.id="S.124">
     <UML:Classifier.feature>
      <UML:Attribute changeability="changeable" isSpecification="false" name="name" ordering="unordered" owner="S.124" ownerScope="instance" targetScope="instance" type="S.52" visibility="public" xmi.id="S.125">
       <UML:Attribute.initialValue>
        <UML:Expression body="" xmi.id="S.126"/>
       </UML:Attribute.initialValue>
       <UML:StructuralFeature.multiplicity>
        <UML:Multiplicity xmi.id="S.127">
         <UML:Multiplicity.range>
          <UML:MultiplicityRange lower="1" multiplicity="S.127" upper="1" xmi.id="S.128"/>
         </UML:Multiplicity.range>
        </UML:Multiplicity>
       </UML:StructuralFeature.multiplicity>
      </UML:Attribute>
      <UML:Attribute changeability="changeable" isSpecification="false" name="age" ordering="unordered" owner="S.124" ownerScope="instance" targetScope="instance" type="S.14" visibility="public" xmi.id="S.129">
       <UML:Attribute.initialValue>
        <UML:Expression body="" xmi.id="S.130"/>
       </UML:Attribute.initialValue>
       <UML:StructuralFeature.multiplicity>
        <UML:Multiplicity xmi.id="S.131">
         <UML:Multiplicity.range>
          <UML:MultiplicityRange lower="1" multiplicity="S.131" upper="1" xmi.id="S.132"/>
         </UML:Multiplicity.range>
        </UML:Multiplicity>
       </UML:StructuralFeature.multiplicity>
      </UML:Attribute>
      <UML:Attribute changeability="changeable" isSpecification="false" name="sex" ordering="unordered" owner="S.124" ownerScope="instance" targetScope="instance" type="S.135" visibility="public" xmi.id="S.133">
       <UML:Attribute.initialValue>
        <UML:Expression body="" xmi.id="S.134"/>
       </UML:Attribute.initialValue>
       <UML:StructuralFeature.multiplicity>
        <UML:Multiplicity xmi.id="S.136">
         <UML:Multiplicity.range>
          <UML:MultiplicityRange lower="1" multiplicity="S.136" upper="1" xmi.id="S.137"/>
         </UML:Multiplicity.range>
        </UML:Multiplicity>
       </UML:StructuralFeature.multiplicity>
      </UML:Attribute>
      <UML:Attribute changeability="changeable" isSpecification="false" name="dateOfBirth" ordering="unordered" owner="S.124" ownerScope="instance" targetScope="instance" type="S.140" visibility="public" xmi.id="S.138">
       <UML:Attribute.initialValue>
        <UML:Expression body="" xmi.id="S.139"/>
       </UML:Attribute.initialValue>
       <UML:StructuralFeature.multiplicity>
        <UML:Multiplicity xmi.id="S.141">
         <UML:Multiplicity.range>
          <UML:MultiplicityRange lower="1" multiplicity="S.141" upper="1" xmi.id="S.142"/>
         </UML:Multiplicity.range>
        </UML:Multiplicity>
       </UML:StructuralFeature.multiplicity>
      </UML:Attribute>
     </UML:Classifier.feature>
    </UML:Class>
    <UML:Enumeration isAbstract="false" isLeaf="true" isRoot="true" isSpecification="false" name="Sex" namespace="S.1" visibility="public" xmi.id="S.135">
     <UML:Enumeration.literal>
      <UML:EnumerationLiteral enumeration="S.135" isSpecification="false" name="male" visibility="private" xmi.id="S.145"/>
      <UML:EnumerationLiteral enumeration="S.135" isSpecification="false" name="female" visibility="private" xmi.id="S.146"/>
     </UML:Enumeration.literal>
    </UML:Enumeration>
    <UML:Class generalization="S.143" isAbstract="false" isActive="true" isLeaf="false" isRoot="false" isSpecification="false" name="Driver" namespace="S.1" visibility="public" xmi.id="S.123">
     <UML:Classifier.feature>
      <UML:Attribute changeability="changeable" isSpecification="false" name="experience" ordering="unordered" owner="S.123" ownerScope="instance" targetScope="instance" type="S.14" visibility="public" xmi.id="S.147">
       <UML:Attribute.initialValue>
        <UML:Expression body="" xmi.id="S.148"/>
       </UML:Attribute.initialValue>
       <UML:StructuralFeature.multiplicity>
        <UML:Multiplicity xmi.id="S.149">
         <UML:Multiplicity.range>
          <UML:MultiplicityRange lower="1" multiplicity="S.149" upper="1" xmi.id="S.150"/>
         </UML:Multiplicity.range>
        </UML:Multiplicity>
       </UML:StructuralFeature.multiplicity>
      </UML:Attribute>
      <UML:Operation concurrency="concurrent" isAbstract="false" isLeaf="false" isQuery="false" isRoot="false" isSpecification="false" name="startCar" owner="S.123" ownerScope="instance" visibility="public" xmi.id="S.151">
       <UML:BehavioralFeature.parameter>
        <UML:Parameter behavioralFeature="S.151" isSpecification="false" kind="in" name="car" type="S.153" xmi.id="S.152"/>
        <UML:Parameter behavioralFeature="S.151" isSpecification="false" kind="in" name="isOn" type="S.57" xmi.id="S.154"/>
       </UML:BehavioralFeature.parameter>
      </UML:Operation>
     </UML:Classifier.feature>
     <UML:Namespace.ownedElement>
      <UML:Generalization child="S.123" isSpecification="false" name="Driver_is_a_Person" namespace="S.123" parent="S.124" visibility="public" xmi.id="S.143"/>
     </UML:Namespace.ownedElement>
    </UML:Class>
    <UML:Class generalization="S.144" isAbstract="false" isActive="true" isLeaf="false" isRoot="false" isSpecification="false" name="Engineer" namespace="S.1" visibility="public" xmi.id="S.155">
     <UML:Classifier.feature>
      <UML:Attribute changeability="changeable" isSpecification="false" name="specialty" ordering="unordered" owner="S.155" ownerScope="instance" targetScope="instance" type="S.52" visibility="public" xmi.id="S.156">
       <UML:Attribute.initialValue>
        <UML:Expression body="" xmi.id="S.157"/>
       </UML:Attribute.initialValue>
       <UML:StructuralFeature.multiplicity>
        <UML:Multiplicity xmi.id="S.158">
         <UML:Multiplicity.range>
          <UML:MultiplicityRange lower="1" multiplicity="S.158" upper="1" xmi.id="S.159"/>
         </UML:Multiplicity.range>
        </UML:Multiplicity>
       </UML:StructuralFeature.multiplicity>
      </UML:Attribute>
      <UML:Attribute changeability="changeable" isSpecification="false" name="experience" ordering="unordered" owner="S.155" ownerScope="instance" targetScope="instance" type="S.14" visibility="public" xmi.id="S.160">
       <UML:Attribute.initialValue>
        <UML:Expression body="" xmi.id="S.161"/>
       </UML:Attribute.initialValue>
       <UML:StructuralFeature.multiplicity>
        <UML:Multiplicity xmi.id="S.162">
         <UML:Multiplicity.range>
          <UML:MultiplicityRange lower="1" multiplicity="S.162" upper="1" xmi.id="S.163"/>
         </UML:Multiplicity.range>
        </UML:Multiplicity>
       </UML:StructuralFeature.multiplicity>
      </UML:Attribute>
      <UML:Operation concurrency="concurrent" isAbstract="false" isLeaf="false" isQuery="false" isRoot="false" isSpecification="false" name="changeTires" owner="S.155" ownerScope="instance" visibility="public" xmi.id="S.164">
       <UML:BehavioralFeature.parameter>
        <UML:Parameter behavioralFeature="S.164" isSpecification="false" kind="in" name="car" type="S.153" xmi.id="S.165"/>
        <UML:Parameter behavioralFeature="S.164" isSpecification="false" kind="in" name="tires" type="S.167" xmi.id="S.166"/>
       </UML:BehavioralFeature.parameter>
      </UML:Operation>
      <UML:Operation concurrency="concurrent" isAbstract="false" isLeaf="false" isQuery="false" isRoot="false" isSpecification="false" name="changeAero" owner="S.155" ownerScope="instance" visibility="public" xmi.id="S.168">
       <UML:BehavioralFeature.parameter>
        <UML:Parameter behavioralFeature="S.168" isSpecification="false" kind="in" name="car" type="S.153" xmi.id="S.169"/>
        <UML:Parameter behavioralFeature="S.168" isSpecification="false" kind="in" name="aero" type="S.52" xmi.id="S.170"/>
       </UML:BehavioralFeature.parameter>
      </UML:Operation>
     </UML:Classifier.feature>
     <UML:Namespace.ownedElement>
      <UML:Generalization child="S.155" isSpecification="false" name="Engineer_is_a_Person" namespace="S.155" parent="S.124" visibility="public" xmi.id="S.144"/>
     </UML:Namespace.ownedElement>
    </UML:Class>
    <UML:Enumeration isAbstract="false" isLeaf="true" isRoot="true" isSpecification="false" name="Tire" namespace="S.1" visibility="public" xmi.id="S.167">
     <UML:Enumeration.literal>
      <UML:EnumerationLiteral enumeration="S.167" isSpecification="false" name="soft" visibility="private" xmi.id="S.171"/>
      <UML:EnumerationLiteral enumeration="S.167" isSpecification="false" name="medium" visibility="private" xmi.id="S.172"/>
      <UML:EnumerationLiteral enumeration="S.167" isSpecification="false" name="hard" visibility="private" xmi.id="S.173"/>
     </UML:Enumeration.literal>
    </UML:Enumeration>
    <UML:Class isAbstract="false" isActive="true" isLeaf="false" isRoot="false" isSpecification="false" name="EngineSupplier" namespace="S.1" visibility="public" xmi.id="S.174">
     <UML:Classifier.feature>
      <UML:Attribute changeability="changeable" isSpecification="false" name="supplierName" ordering="unordered" owner="S.174" ownerScope="instance" targetScope="instance" type="S.52" visibility="public" xmi.id="S.175">
       <UML:Attribute.initialValue>
        <UML:Expression body="" xmi.id="S.176"/>
       </UML:Attribute.initialValue>
       <UML:StructuralFeature.multiplicity>
        <UML:Multiplicity xmi.id="S.177">
         <UML:Multiplicity.range>
          <UML:MultiplicityRange lower="1" multiplicity="S.177" upper="1" xmi.id="S.178"/>
         </UML:Multiplicity.range>
        </UML:Multiplicity>
       </UML:StructuralFeature.multiplicity>
      </UML:Attribute>
      <UML:Attribute changeability="changeable" isSpecification="false" name="enginePower" ordering="unordered" owner="S.174" ownerScope="instance" targetScope="instance" type="S.14" visibility="public" xmi.id="S.179">
       <UML:Attribute.initialValue>
        <UML:Expression body="" xmi.id="S.180"/>
       </UML:Attribute.initialValue>
       <UML:StructuralFeature.multiplicity>
        <UML:Multiplicity xmi.id="S.181">
         <UML:Multiplicity.range>
          <UML:MultiplicityRange lower="1" multiplicity="S.181" upper="1" xmi.id="S.182"/>
         </UML:Multiplicity.range>
        </UML:Multiplicity>
       </UML:StructuralFeature.multiplicity>
      </UML:Attribute>
      <UML:Attribute changeability="changeable" isSpecification="false" name="reliabilityScore" ordering="unordered" owner="S.174" ownerScope="instance" targetScope="instance" type="S.30" visibility="public" xmi.id="S.183">
       <UML:Attribute.initialValue>
        <UML:Expression body="" xmi.id="S.184"/>
       </UML:Attribute.initialValue>
       <UML:StructuralFeature.multiplicity>
        <UML:Multiplicity xmi.id="S.185">
         <UML:Multiplicity.range>
          <UML:MultiplicityRange lower="1" multiplicity="S.185" upper="1" xmi.id="S.186"/>
         </UML:Multiplicity.range>
        </UML:Multiplicity>
       </UML:StructuralFeature.multiplicity>
      </UML:Attribute>
     </UML:Classifier.feature>
    </UML:Class>
    <UML:Class isAbstract="false" isActive="true" isLeaf="false" isRoot="false" isSpecification="false" name="Car" namespace="S.1" visibility="public" xmi.id="S.153">
     <UML:Classifier.feature>
      <UML:Attribute changeability="changeable" isSpecification="false" name="version" ordering="unordered" owner="S.153" ownerScope="instance" targetScope="instance" type="S.52" visibility="public" xmi.id="S.187">
       <UML:Attribute.initialValue>
        <UML:Expression body="" xmi.id="S.188"/>
       </UML:Attribute.initialValue>
       <UML:StructuralFeature.multiplicity>
        <UML:Multiplicity xmi.id="S.189">
         <UML:Multiplicity.range>
          <UML:MultiplicityRange lower="1" multiplicity="S.189" upper="1" xmi.id="S.190"/>
         </UML:Multiplicity.range>
        </UML:Multiplicity>
       </UML:StructuralFeature.multiplicity>
      </UML:Attribute>
      <UML:Attribute changeability="changeable" isSpecification="false" name="torque" ordering="unordered" owner="S.153" ownerScope="instance" targetScope="instance" type="S.14" visibility="public" xmi.id="S.191">
       <UML:Attribute.initialValue>
        <UML:Expression body="" xmi.id="S.192"/>
       </UML:Attribute.initialValue>
       <UML:StructuralFeature.multiplicity>
        <UML:Multiplicity xmi.id="S.193">
         <UML:Multiplicity.range>
          <UML:MultiplicityRange lower="1" multiplicity="S.193" upper="1" xmi.id="S.194"/>
         </UML:Multiplicity.range>
        </UML:Multiplicity>
       </UML:StructuralFeature.multiplicity>
      </UML:Attribute>
      <UML:Attribute changeability="changeable" isSpecification="false" name="tires" ordering="unordered" owner="S.153" ownerScope="instance" targetScope="instance" type="S.167" visibility="public" xmi.id="S.195">
       <UML:Attribute.initialValue>
        <UML:Expression body="" xmi.id="S.196"/>
       </UML:Attribute.initialValue>
       <UML:StructuralFeature.multiplicity>
        <UML:Multiplicity xmi.id="S.197">
         <UML:Multiplicity.range>
          <UML:MultiplicityRange lower="1" multiplicity="S.197" upper="1" xmi.id="S.198"/>
         </UML:Multiplicity.range>
        </UML:Multiplicity>
       </UML:StructuralFeature.multiplicity>
      </UML:Attribute>
      <UML:Attribute changeability="changeable" isSpecification="false" name="aero" ordering="unordered" owner="S.153" ownerScope="instance" targetScope="instance" type="S.52" visibility="public" xmi.id="S.199">
       <UML:Attribute.initialValue>
        <UML:Expression body="" xmi.id="S.200"/>
       </UML:Attribute.initialValue>
       <UML:StructuralFeature.multiplicity>
        <UML:Multiplicity xmi.id="S.201">
         <UML:Multiplicity.range>
          <UML:MultiplicityRange lower="1" multiplicity="S.201" upper="1" xmi.id="S.202"/>
         </UML:Multiplicity.range>
        </UML:Multiplicity>
       </UML:StructuralFeature.multiplicity>
      </UML:Attribute>
      <UML:Attribute changeability="changeable" isSpecification="false" name="isOn" ordering="unordered" owner="S.153" ownerScope="instance" targetScope="instance" type="S.57" visibility="public" xmi.id="S.203">
       <UML:Attribute.initialValue>
        <UML:Expression body="" xmi.id="S.204"/>
       </UML:Attribute.initialValue>
       <UML:StructuralFeature.multiplicity>
        <UML:Multiplicity xmi.id="S.205">
         <UML:Multiplicity.range>
          <UML:MultiplicityRange lower="1" multiplicity="S.205" upper="1" xmi.id="S.206"/>
         </UML:Multiplicity.range>
        </UML:Multiplicity>
       </UML:StructuralFeature.multiplicity>
      </UML:Attribute>
     </UML:Classifier.feature>
    </UML:Class>
    <UML:Class isAbstract="false" isActive="true" isLeaf="false" isRoot="false" isSpecification="false" name="Date" namespace="S.1" visibility="public" xmi.id="S.140">
     <UML:Classifier.feature>
      <UML:Attribute changeability="changeable" isSpecification="false" name="day" ordering="unordered" owner="S.140" ownerScope="instance" targetScope="instance" type="S.14" visibility="public" xmi.id="S.207">
       <UML:Attribute.initialValue>
        <UML:Expression body="" xmi.id="S.208"/>
       </UML:Attribute.initialValue>
       <UML:StructuralFeature.multiplicity>
        <UML:Multiplicity xmi.id="S.209">
         <UML:Multiplicity.range>
          <UML:MultiplicityRange lower="1" multiplicity="S.209" upper="1" xmi.id="S.210"/>
         </UML:Multiplicity.range>
        </UML:Multiplicity>
       </UML:StructuralFeature.multiplicity>
      </UML:Attribute>
      <UML:Attribute changeability="changeable" isSpecification="false" name="month" ordering="unordered" owner="S.140" ownerScope="instance" targetScope="instance" type="S.14" visibility="public" xmi.id="S.211">
       <UML:Attribute.initialValue>
        <UML:Expression body="" xmi.id="S.212"/>
       </UML:Attribute.initialValue>
       <UML:StructuralFeature.multiplicity>
        <UML:Multiplicity xmi.id="S.213">
         <UML:Multiplicity.range>
          <UML:MultiplicityRange lower="1" multiplicity="S.213" upper="1" xmi.id="S.214"/>
         </UML:Multiplicity.range>
        </UML:Multiplicity>
       </UML:StructuralFeature.multiplicity>
      </UML:Attribute>
      <UML:Attribute changeability="changeable" isSpecification="false" name="year" ordering="unordered" owner="S.140" ownerScope="instance" targetScope="instance" type="S.14" visibility="public" xmi.id="S.215">
       <UML:Attribute.initialValue>
        <UML:Expression body="" xmi.id="S.216"/>
       </UML:Attribute.initialValue>
       <UML:StructuralFeature.multiplicity>
        <UML:Multiplicity xmi.id="S.217">
         <UML:Multiplicity.range>
          <UML:MultiplicityRange lower="1" multiplicity="S.217" upper="1" xmi.id="S.218"/>
         </UML:Multiplicity.range>
        </UML:Multiplicity>
       </UML:StructuralFeature.multiplicity>
      </UML:Attribute>
     </UML:Classifier.feature>
    </UML:Class>
    <UML:Association isAbstract="false" isLeaf="false" isRoot="false" isSpecification="false" name="A_Team_Engineer" namespace="S.1" visibility="public" xmi.id="S.219">
     <UML:Association.connection>
      <UML:AssociationEnd aggregation="none" association="S.219" changeability="changeable" isNavigable="true" isSpecification="false" name="team" ordering="unordered" targetScope="instance" type="S.102" visibility="public" xmi.id="S.220">
       <UML:AssociationEnd.multiplicity>
        <UML:Multiplicity xmi.id="S.221">
         <UML:Multiplicity.range>
          <UML:MultiplicityRange lower="1" multiplicity="S.221" upper="1" xmi.id="S.222"/>
         </UML:Multiplicity.range>
        </UML:Multiplicity>
       </UML:AssociationEnd.multiplicity>
      </UML:AssociationEnd>
      <UML:AssociationEnd aggregation="none" association="S.219" changeability="changeable" isNavigable="true" isSpecification="false" name="engineer" ordering="unordered" targetScope="instance" type="S.155" visibility="public" xmi.id="S.223">
       <UML:AssociationEnd.multiplicity>
        <UML:Multiplicity xmi.id="S.224">
         <UML:Multiplicity.range>
          <UML:MultiplicityRange lower="1" multiplicity="S.224" upper="-1" xmi.id="S.225"/>
         </UML:Multiplicity.range>
        </UML:Multiplicity>
       </UML:AssociationEnd.multiplicity>
      </UML:AssociationEnd>
     </UML:Association.connection>
    </UML:Association>
    <UML:Association isAbstract="false" isLeaf="false" isRoot="false" isSpecification="false" name="A_Team_Car" namespace="S.1" visibility="public" xmi.id="S.226">
     <UML:Association.connection>
      <UML:AssociationEnd aggregation="none" association="S.226" changeability="changeable" isNavigable="true" isSpecification="false" name="team" ordering="unordered" targetScope="instance" type="S.102" visibility="public" xmi.id="S.227">
       <UML:AssociationEnd.multiplicity>
        <UML:Multiplicity xmi.id="S.228">
         <UML:Multiplicity.range>
          <UML:MultiplicityRange lower="1" multiplicity="S.228" upper="1" xmi.id="S.229"/>
         </UML:Multiplicity.range>
        </UML:Multiplicity>
       </UML:AssociationEnd.multiplicity>
      </UML:AssociationEnd>
      <UML:AssociationEnd aggregation="none" association="S.226" changeability="changeable" isNavigable="true" isSpecification="false" name="car" ordering="unordered" targetScope="instance" type="S.153" visibility="public" xmi.id="S.230">
       <UML:AssociationEnd.multiplicity>
        <UML:Multiplicity xmi.id="S.231">
         <UML:Multiplicity.range>
          <UML:MultiplicityRange lower="2" multiplicity="S.231" upper="2" xmi.id="S.232"/>
         </UML:Multiplicity.range>
        </UML:Multiplicity>
       </UML:AssociationEnd.multiplicity>
      </UML:AssociationEnd>
     </UML:Association.connection>
    </UML:Association>
    <UML:Association isAbstract="false" isLeaf="false" isRoot="false" isSpecification="false" name="A_Team_EngineSupplier" namespace="S.1" visibility="public" xmi.id="S.233">
     <UML:Association.connection>
      <UML:AssociationEnd aggregation="none" association="S.233" changeability="changeable" isNavigable="true" isSpecification="false" name="team" ordering="unordered" targetScope="instance" type="S.102" visibility="public" xmi.id="S.234">
       <UML:AssociationEnd.multiplicity>
        <UML:Multiplicity xmi.id="S.235">
         <UML:Multiplicity.range>
          <UML:MultiplicityRange lower="1" multiplicity="S.235" upper="-1" xmi.id="S.236"/>
         </UML:Multiplicity.range>
        </UML:Multiplicity>
       </UML:AssociationEnd.multiplicity>
      </UML:AssociationEnd>
      <UML:AssociationEnd aggregation="none" association="S.233" changeability="changeable" isNavigable="true" isSpecification="false" name="engineSupplier" ordering="unordered" targetScope="instance" type="S.174" visibility="public" xmi.id="S.237">
       <UML:AssociationEnd.multiplicity>
        <UML:Multiplicity xmi.id="S.238">
         <UML:Multiplicity.range>
          <UML:MultiplicityRange lower="1" multiplicity="S.238" upper="1" xmi.id="S.239"/>
         </UML:Multiplicity.range>
        </UML:Multiplicity>
       </UML:AssociationEnd.multiplicity>
      </UML:AssociationEnd>
     </UML:Association.connection>
    </UML:Association>
    <UML:AssociationClass isAbstract="false" isActive="true" isLeaf="true" isRoot="true" isSpecification="false" name="Contract" namespace="S.1" visibility="public" xmi.id="S.121">
     <UML:Association.connection>
      <UML:AssociationEnd aggregation="none" association="S.121" changeability="changeable" isNavigable="true" isSpecification="false" name="team" ordering="unordered" targetScope="instance" type="S.102" visibility="public" xmi.id="S.240">
       <UML:AssociationEnd.multiplicity>
        <UML:Multiplicity xmi.id="S.241">
         <UML:Multiplicity.range>
          <UML:MultiplicityRange lower="1" multiplicity="S.241" upper="1" xmi.id="S.242"/>
         </UML:Multiplicity.range>
        </UML:Multiplicity>
       </UML:AssociationEnd.multiplicity>
      </UML:AssociationEnd>
      <UML:AssociationEnd aggregation="none" association="S.121" changeability="changeable" isNavigable="true" isSpecification="false" name="driver" ordering="unordered" targetScope="instance" type="S.123" visibility="public" xmi.id="S.243">
       <UML:AssociationEnd.multiplicity>
        <UML:Multiplicity xmi.id="S.244">
         <UML:Multiplicity.range>
          <UML:MultiplicityRange lower="1" multiplicity="S.244" upper="1" xmi.id="S.245"/>
         </UML:Multiplicity.range>
        </UML:Multiplicity>
       </UML:AssociationEnd.multiplicity>
      </UML:AssociationEnd>
     </UML:Association.connection>
     <UML:Classifier.feature>
      <UML:Attribute changeability="changeable" isSpecification="false" name="endDate" ordering="unordered" owner="S.121" ownerScope="instance" targetScope="instance" type="S.140" visibility="protected" xmi.id="S.246">
       <UML:Attribute.initialValue>
        <UML:Expression body="" xmi.id="S.247"/>
       </UML:Attribute.initialValue>
       <UML:StructuralFeature.multiplicity>
        <UML:Multiplicity xmi.id="S.248">
         <UML:Multiplicity.range>
          <UML:MultiplicityRange lower="1" multiplicity="S.248" upper="1" xmi.id="S.249"/>
         </UML:Multiplicity.range>
        </UML:Multiplicity>
       </UML:StructuralFeature.multiplicity>
      </UML:Attribute>
      <UML:Attribute changeability="changeable" isSpecification="false" name="startDate" ordering="unordered" owner="S.121" ownerScope="instance" targetScope="instance" type="S.140" visibility="protected" xmi.id="S.250">
       <UML:Attribute.initialValue>
        <UML:Expression body="" xmi.id="S.251"/>
       </UML:Attribute.initialValue>
       <UML:StructuralFeature.multiplicity>
        <UML:Multiplicity xmi.id="S.252">
         <UML:Multiplicity.range>
          <UML:MultiplicityRange lower="1" multiplicity="S.252" upper="1" xmi.id="S.253"/>
         </UML:Multiplicity.range>
        </UML:Multiplicity>
       </UML:StructuralFeature.multiplicity>
      </UML:Attribute>
      <UML:Attribute changeability="changeable" isSpecification="false" name="salary" ordering="unordered" owner="S.121" ownerScope="instance" targetScope="instance" type="S.30" visibility="protected" xmi.id="S.254">
       <UML:Attribute.initialValue>
        <UML:Expression body="" xmi.id="S.255"/>
       </UML:Attribute.initialValue>
       <UML:StructuralFeature.multiplicity>
        <UML:Multiplicity xmi.id="S.256">
         <UML:Multiplicity.range>
          <UML:MultiplicityRange lower="1" multiplicity="S.256" upper="1" xmi.id="S.257"/>
         </UML:Multiplicity.range>
        </UML:Multiplicity>
       </UML:StructuralFeature.multiplicity>
      </UML:Attribute>
     </UML:Classifier.feature>
    </UML:AssociationClass>
    <UML:Association isAbstract="false" isLeaf="false" isRoot="false" isSpecification="false" name="A_Contract_Date" namespace="S.1" visibility="public" xmi.id="S.258">
     <UML:Association.connection>
      <UML:AssociationEnd aggregation="composite" association="S.258" changeability="changeable" isNavigable="true" isSpecification="false" name="contract" ordering="unordered" targetScope="instance" type="S.121" visibility="public" xmi.id="S.259">
       <UML:AssociationEnd.multiplicity>
        <UML:Multiplicity xmi.id="S.260">
         <UML:Multiplicity.range>
          <UML:MultiplicityRange lower="1" multiplicity="S.260" upper="1" xmi.id="S.261"/>
         </UML:Multiplicity.range>
        </UML:Multiplicity>
       </UML:AssociationEnd.multiplicity>
      </UML:AssociationEnd>
      <UML:AssociationEnd aggregation="none" association="S.258" changeability="changeable" isNavigable="true" isSpecification="false" name="date" ordering="unordered" targetScope="instance" type="S.140" visibility="public" xmi.id="S.262">
       <UML:AssociationEnd.multiplicity>
        <UML:Multiplicity xmi.id="S.263">
         <UML:Multiplicity.range>
          <UML:MultiplicityRange lower="1" multiplicity="S.263" upper="1" xmi.id="S.264"/>
         </UML:Multiplicity.range>
        </UML:Multiplicity>
       </UML:AssociationEnd.multiplicity>
      </UML:AssociationEnd>
     </UML:Association.connection>
    </UML:Association>
   </UML:Namespace.ownedElement>
  </UML:Model>
 </XMI.content>
</XMI>
