<?xml version="1.0" encoding="UTF-8" standalone="no"?>
<XMI xmlns:GXML="//lci.cs.ubbcluj.ro/gxml" xmlns:UML="//org.omg/UML/1.3" xmi.version="1.1">
 <XMI.header>
  <XMI.documentation>
   <XMI.exporter>ocle 2.0</XMI.exporter>
   <XMI.exporterVersion>1.0</XMI.exporterVersion>
  </XMI.documentation>
  <XMI.metamodel xmi.name="GXAPI" xmi.version="0.1"/>
 </XMI.header>
 <XMI.content>
  <GXML:ClassDiagram background="java.awt.Color[r=255,g=255,b=255]" gridVisible="false" isLocked="false" name="F1ClassDiagram" xmi.id="S.1" xmlns:GXML="http://lci/xml">
   <GXML:ClassDiagram.owner>
    <UML:Model href="../F1TeamModel.xml|S.1" xml:link="simple" xmlns:UML="http://lci/xml"/>
   </GXML:ClassDiagram.owner>
   <GXML:ClassDiagram.flat>
    <GXML:SpecialPort allowsChildren="false" parent="S.4" xmi.id="S.2">
     <GXML:DefaultGraphCell.attributes>
      <GXML:HashtableStrings xmi.id="S.3"/>
     </GXML:DefaultGraphCell.attributes>
    </GXML:SpecialPort>
    <GXML:DefaultGraphCell allowsChildren="true" userObjectString="+team" xmi.id="S.5">
     <GXML:DefaultGraphCell.attributes>
      <GXML:HashtableStrings keys="value" values="+team" xmi.id="S.6"/>
     </GXML:DefaultGraphCell.attributes>
    </GXML:DefaultGraphCell>
    <GXML:SpecialPort allowsChildren="false" parent="S.9" xmi.id="S.7">
     <GXML:DefaultGraphCell.attributes>
      <GXML:HashtableStrings xmi.id="S.8"/>
     </GXML:DefaultGraphCell.attributes>
    </GXML:SpecialPort>
    <GXML:ClassCell allowsChildren="true" children="S.15" hasAutoR="false" isFiltered="false" isInterface="false" showPackage="false" xmi.id="S.10">
     <GXML:ClassCell.property>
      <GXML:ClassGProperty bodyfontSize="11" fillColor="java.awt.Color[r=255,g=255,b=255]" outlineColor="java.awt.Color[r=0,g=0,b=0]" outlineWidth="1" selectionColor="java.awt.Color[r=255,g=0,b=0]" titlefontSize="12" xmi.id="S.11"/>
     </GXML:ClassCell.property>
     <GXML:ClassCell.filter>
      <GXML:ClassFilter xmi.id="S.12">
       <GXML:ClassFilter.map>
        <GXML:HashtableStrings keys="a_pac m_pub m_pro m_pri msignature a_pri stereotype a_pub a_pro m_pac" values="true true true true true true true true true true" xmi.id="S.13"/>
       </GXML:ClassFilter.map>
      </GXML:ClassFilter>
     </GXML:ClassCell.filter>
     <GXML:DefaultGraphCell.attributes>
      <GXML:HashtableStrings xmi.id="S.14">
       <GXML:HashtableStrings.value>
        <UML:Class href="../F1TeamModel.xml|S.174" xml:link="simple" xmlns:UML="http://lci/xml"/>
       </GXML:HashtableStrings.value>
      </GXML:HashtableStrings>
     </GXML:DefaultGraphCell.attributes>
     <GXML:DefaultMutableTreeNode.userObject>
      <UML:Class href="../F1TeamModel.xml|S.174" xml:link="simple" xmlns:UML="http://lci/xml"/>
     </GXML:DefaultMutableTreeNode.userObject>
    </GXML:ClassCell>
    <GXML:DefaultGraphCell allowsChildren="true" userObjectString="+team" xmi.id="S.16">
     <GXML:DefaultGraphCell.attributes>
      <GXML:HashtableStrings keys="value" values="+team" xmi.id="S.17"/>
     </GXML:DefaultGraphCell.attributes>
    </GXML:DefaultGraphCell>
    <GXML:DefaultGraphCell allowsChildren="true" userObjectString="+car" xmi.id="S.18">
     <GXML:DefaultGraphCell.attributes>
      <GXML:HashtableStrings keys="value" values="+car" xmi.id="S.19"/>
     </GXML:DefaultGraphCell.attributes>
    </GXML:DefaultGraphCell>
    <GXML:SpecialPort allowsChildren="false" parent="S.22" xmi.id="S.20">
     <GXML:DefaultGraphCell.attributes>
      <GXML:HashtableStrings xmi.id="S.21"/>
     </GXML:DefaultGraphCell.attributes>
    </GXML:SpecialPort>
    <GXML:ClassCell allowsChildren="true" children="S.28" hasAutoR="false" isFiltered="false" isInterface="false" showPackage="false" xmi.id="S.23">
     <GXML:ClassCell.property>
      <GXML:ClassGProperty bodyfontSize="11" fillColor="java.awt.Color[r=255,g=255,b=255]" outlineColor="java.awt.Color[r=0,g=0,b=0]" outlineWidth="1" selectionColor="java.awt.Color[r=255,g=0,b=0]" titlefontSize="12" xmi.id="S.24"/>
     </GXML:ClassCell.property>
     <GXML:ClassCell.filter>
      <GXML:ClassFilter xmi.id="S.25">
       <GXML:ClassFilter.map>
        <GXML:HashtableStrings keys="a_pac m_pub m_pro m_pri msignature a_pri stereotype a_pub a_pro m_pac" values="true true true true true true true true true true" xmi.id="S.26"/>
       </GXML:ClassFilter.map>
      </GXML:ClassFilter>
     </GXML:ClassCell.filter>
     <GXML:DefaultGraphCell.attributes>
      <GXML:HashtableStrings keys="moveable" values="true" xmi.id="S.27">
       <GXML:HashtableStrings.value>
        <UML:Class href="../F1TeamModel.xml|S.155" xml:link="simple" xmlns:UML="http://lci/xml"/>
       </GXML:HashtableStrings.value>
      </GXML:HashtableStrings>
     </GXML:DefaultGraphCell.attributes>
     <GXML:DefaultMutableTreeNode.userObject>
      <UML:Class href="../F1TeamModel.xml|S.155" xml:link="simple" xmlns:UML="http://lci/xml"/>
     </GXML:DefaultMutableTreeNode.userObject>
    </GXML:ClassCell>
    <GXML:ClassCell allowsChildren="true" children="S.34" hasAutoR="false" isFiltered="false" isInterface="false" showPackage="false" xmi.id="S.29">
     <GXML:ClassCell.property>
      <GXML:ClassGProperty bodyfontSize="11" fillColor="java.awt.Color[r=255,g=255,b=255]" outlineColor="java.awt.Color[r=0,g=0,b=0]" outlineWidth="1" selectionColor="java.awt.Color[r=255,g=0,b=0]" titlefontSize="12" xmi.id="S.30"/>
     </GXML:ClassCell.property>
     <GXML:ClassCell.filter>
      <GXML:ClassFilter xmi.id="S.31">
       <GXML:ClassFilter.map>
        <GXML:HashtableStrings keys="a_pac m_pub m_pro m_pri msignature a_pri stereotype a_pub a_pro m_pac" values="true true true true true true true true true true" xmi.id="S.32"/>
       </GXML:ClassFilter.map>
      </GXML:ClassFilter>
     </GXML:ClassCell.filter>
     <GXML:DefaultGraphCell.attributes>
      <GXML:HashtableStrings keys="moveable" values="true" xmi.id="S.33">
       <GXML:HashtableStrings.value>
        <UML:AssociationClass href="../F1TeamModel.xml|S.121" xml:link="simple" xmlns:UML="http://lci/xml"/>
       </GXML:HashtableStrings.value>
      </GXML:HashtableStrings>
     </GXML:DefaultGraphCell.attributes>
     <GXML:DefaultMutableTreeNode.userObject>
      <UML:AssociationClass href="../F1TeamModel.xml|S.121" xml:link="simple" xmlns:UML="http://lci/xml"/>
     </GXML:DefaultMutableTreeNode.userObject>
    </GXML:ClassCell>
    <GXML:SpecialPort allowsChildren="false" parent="S.29" xmi.id="S.34">
     <GXML:DefaultGraphCell.attributes>
      <GXML:HashtableStrings xmi.id="S.35"/>
     </GXML:DefaultGraphCell.attributes>
    </GXML:SpecialPort>
    <GXML:SpecialPort allowsChildren="false" parent="S.38" xmi.id="S.36">
     <GXML:DefaultGraphCell.attributes>
      <GXML:HashtableStrings xmi.id="S.37"/>
     </GXML:DefaultGraphCell.attributes>
    </GXML:SpecialPort>
    <GXML:DefaultGraphCell allowsChildren="true" userObjectString="+driver" xmi.id="S.39">
     <GXML:DefaultGraphCell.attributes>
      <GXML:HashtableStrings keys="value" values="+driver" xmi.id="S.40"/>
     </GXML:DefaultGraphCell.attributes>
    </GXML:DefaultGraphCell>
    <GXML:DefaultGraphCell allowsChildren="true" userObjectString="1" xmi.id="S.41">
     <GXML:DefaultGraphCell.attributes>
      <GXML:HashtableStrings keys="value" values="1" xmi.id="S.42"/>
     </GXML:DefaultGraphCell.attributes>
    </GXML:DefaultGraphCell>
    <GXML:DefaultGraphCell allowsChildren="true" userObjectString="2" xmi.id="S.43">
     <GXML:DefaultGraphCell.attributes>
      <GXML:HashtableStrings keys="value" values="2" xmi.id="S.44"/>
     </GXML:DefaultGraphCell.attributes>
    </GXML:DefaultGraphCell>
    <GXML:SpecialPort allowsChildren="false" parent="S.10" xmi.id="S.15">
     <GXML:DefaultGraphCell.attributes>
      <GXML:HashtableStrings xmi.id="S.45"/>
     </GXML:DefaultGraphCell.attributes>
    </GXML:SpecialPort>
    <GXML:DefaultGraphCell allowsChildren="true" userObjectString="+engineSupplier" xmi.id="S.46">
     <GXML:DefaultGraphCell.attributes>
      <GXML:HashtableStrings keys="value" values="+engineSupplier" xmi.id="S.47"/>
     </GXML:DefaultGraphCell.attributes>
    </GXML:DefaultGraphCell>
    <GXML:ClassCell allowsChildren="true" children="S.53" hasAutoR="false" isFiltered="false" isInterface="false" showPackage="false" xmi.id="S.48">
     <GXML:ClassCell.property>
      <GXML:ClassGProperty bodyfontSize="11" fillColor="java.awt.Color[r=255,g=255,b=255]" outlineColor="java.awt.Color[r=0,g=0,b=0]" outlineWidth="1" selectionColor="java.awt.Color[r=255,g=0,b=0]" titlefontSize="12" xmi.id="S.49"/>
     </GXML:ClassCell.property>
     <GXML:ClassCell.filter>
      <GXML:ClassFilter xmi.id="S.50">
       <GXML:ClassFilter.map>
        <GXML:HashtableStrings keys="a_pac m_pub m_pro m_pri msignature a_pri stereotype a_pub a_pro m_pac" values="true true true true true true true true true true" xmi.id="S.51"/>
       </GXML:ClassFilter.map>
      </GXML:ClassFilter>
     </GXML:ClassCell.filter>
     <GXML:DefaultGraphCell.attributes>
      <GXML:HashtableStrings keys="moveable" values="true" xmi.id="S.52">
       <GXML:HashtableStrings.value>
        <UML:Class href="../F1TeamModel.xml|S.123" xml:link="simple" xmlns:UML="http://lci/xml"/>
       </GXML:HashtableStrings.value>
      </GXML:HashtableStrings>
     </GXML:DefaultGraphCell.attributes>
     <GXML:DefaultMutableTreeNode.userObject>
      <UML:Class href="../F1TeamModel.xml|S.123" xml:link="simple" xmlns:UML="http://lci/xml"/>
     </GXML:DefaultMutableTreeNode.userObject>
    </GXML:ClassCell>
    <GXML:DefaultGraphCell allowsChildren="true" userObjectString="+engineer" xmi.id="S.54">
     <GXML:DefaultGraphCell.attributes>
      <GXML:HashtableStrings keys="value" values="+engineer" xmi.id="S.55"/>
     </GXML:DefaultGraphCell.attributes>
    </GXML:DefaultGraphCell>
    <GXML:DefaultGraphCell allowsChildren="true" userObjectString="+date" xmi.id="S.56">
     <GXML:DefaultGraphCell.attributes>
      <GXML:HashtableStrings keys="value" values="+date" xmi.id="S.57"/>
     </GXML:DefaultGraphCell.attributes>
    </GXML:DefaultGraphCell>
    <GXML:SpecialPort allowsChildren="false" parent="S.60" xmi.id="S.58">
     <GXML:DefaultGraphCell.attributes>
      <GXML:HashtableStrings xmi.id="S.59"/>
     </GXML:DefaultGraphCell.attributes>
    </GXML:SpecialPort>
    <GXML:DefaultGraphCell allowsChildren="true" userObjectString="1" xmi.id="S.61">
     <GXML:DefaultGraphCell.attributes>
      <GXML:HashtableStrings keys="value" values="1" xmi.id="S.62"/>
     </GXML:DefaultGraphCell.attributes>
    </GXML:DefaultGraphCell>
    <GXML:SpecialPort allowsChildren="false" parent="S.65" xmi.id="S.63">
     <GXML:DefaultGraphCell.attributes>
      <GXML:HashtableStrings xmi.id="S.64"/>
     </GXML:DefaultGraphCell.attributes>
    </GXML:SpecialPort>
    <GXML:DefaultGraphCell allowsChildren="true" userObjectString="1" xmi.id="S.66">
     <GXML:DefaultGraphCell.attributes>
      <GXML:HashtableStrings keys="value" values="1" xmi.id="S.67"/>
     </GXML:DefaultGraphCell.attributes>
    </GXML:DefaultGraphCell>
    <GXML:ClassCell allowsChildren="true" children="S.63" hasAutoR="false" isFiltered="false" isInterface="false" showPackage="false" xmi.id="S.65">
     <GXML:ClassCell.property>
      <GXML:ClassGProperty bodyfontSize="11" fillColor="java.awt.Color[r=255,g=255,b=255]" outlineColor="java.awt.Color[r=0,g=0,b=0]" outlineWidth="1" selectionColor="java.awt.Color[r=255,g=0,b=0]" titlefontSize="12" xmi.id="S.68"/>
     </GXML:ClassCell.property>
     <GXML:ClassCell.filter>
      <GXML:ClassFilter xmi.id="S.69">
       <GXML:ClassFilter.map>
        <GXML:HashtableStrings keys="a_pac m_pub m_pro m_pri msignature a_pri stereotype a_pub a_pro m_pac" values="true true true true true true true true true true" xmi.id="S.70"/>
       </GXML:ClassFilter.map>
      </GXML:ClassFilter>
     </GXML:ClassCell.filter>
     <GXML:DefaultGraphCell.attributes>
      <GXML:HashtableStrings xmi.id="S.71">
       <GXML:HashtableStrings.value>
        <UML:Class href="../F1TeamModel.xml|S.153" xml:link="simple" xmlns:UML="http://lci/xml"/>
       </GXML:HashtableStrings.value>
      </GXML:HashtableStrings>
     </GXML:DefaultGraphCell.attributes>
     <GXML:DefaultMutableTreeNode.userObject>
      <UML:Class href="../F1TeamModel.xml|S.153" xml:link="simple" xmlns:UML="http://lci/xml"/>
     </GXML:DefaultMutableTreeNode.userObject>
    </GXML:ClassCell>
    <GXML:SpecialPort allowsChildren="false" parent="S.74" xmi.id="S.72">
     <GXML:DefaultGraphCell.attributes>
      <GXML:HashtableStrings xmi.id="S.73"/>
     </GXML:DefaultGraphCell.attributes>
    </GXML:SpecialPort>
    <GXML:ClassCell allowsChildren="true" children="S.7" hasAutoR="false" isFiltered="false" isInterface="false" showPackage="false" xmi.id="S.9">
     <GXML:ClassCell.property>
      <GXML:ClassGProperty bodyfontSize="11" fillColor="java.awt.Color[r=255,g=255,b=255]" outlineColor="java.awt.Color[r=0,g=0,b=0]" outlineWidth="1" selectionColor="java.awt.Color[r=255,g=0,b=0]" titlefontSize="12" xmi.id="S.75"/>
     </GXML:ClassCell.property>
     <GXML:ClassCell.filter>
      <GXML:ClassFilter xmi.id="S.76">
       <GXML:ClassFilter.map>
        <GXML:HashtableStrings keys="a_pac m_pub m_pro m_pri msignature a_pri stereotype a_pub a_pro m_pac" values="true true true true true true true true true true" xmi.id="S.77"/>
       </GXML:ClassFilter.map>
      </GXML:ClassFilter>
     </GXML:ClassCell.filter>
     <GXML:DefaultGraphCell.attributes>
      <GXML:HashtableStrings keys="moveable" values="true" xmi.id="S.78">
       <GXML:HashtableStrings.value>
        <UML:Class href="../F1TeamModel.xml|S.102" xml:link="simple" xmlns:UML="http://lci/xml"/>
       </GXML:HashtableStrings.value>
      </GXML:HashtableStrings>
     </GXML:DefaultGraphCell.attributes>
     <GXML:DefaultMutableTreeNode.userObject>
      <UML:Class href="../F1TeamModel.xml|S.102" xml:link="simple" xmlns:UML="http://lci/xml"/>
     </GXML:DefaultMutableTreeNode.userObject>
    </GXML:ClassCell>
    <GXML:SpecialPort allowsChildren="false" parent="S.81" xmi.id="S.79">
     <GXML:DefaultGraphCell.attributes>
      <GXML:HashtableStrings xmi.id="S.80"/>
     </GXML:DefaultGraphCell.attributes>
    </GXML:SpecialPort>
    <GXML:DefaultGraphCell allowsChildren="true" userObjectString="1..*" xmi.id="S.82">
     <GXML:DefaultGraphCell.attributes>
      <GXML:HashtableStrings keys="value" values="1..*" xmi.id="S.83"/>
     </GXML:DefaultGraphCell.attributes>
    </GXML:DefaultGraphCell>
    <GXML:SpecialPort allowsChildren="false" parent="S.23" xmi.id="S.28">
     <GXML:DefaultGraphCell.attributes>
      <GXML:HashtableStrings xmi.id="S.84"/>
     </GXML:DefaultGraphCell.attributes>
    </GXML:SpecialPort>
    <GXML:SpecialPort allowsChildren="false" parent="S.87" xmi.id="S.85">
     <GXML:DefaultGraphCell.attributes>
      <GXML:HashtableStrings xmi.id="S.86"/>
     </GXML:DefaultGraphCell.attributes>
    </GXML:SpecialPort>
    <GXML:DefaultGraphCell allowsChildren="true" userObjectString="1" xmi.id="S.88">
     <GXML:DefaultGraphCell.attributes>
      <GXML:HashtableStrings keys="value" values="1" xmi.id="S.89"/>
     </GXML:DefaultGraphCell.attributes>
    </GXML:DefaultGraphCell>
    <GXML:DefaultGraphCell allowsChildren="true" userObjectString="1..*" xmi.id="S.90">
     <GXML:DefaultGraphCell.attributes>
      <GXML:HashtableStrings keys="value" values="1..*" xmi.id="S.91"/>
     </GXML:DefaultGraphCell.attributes>
    </GXML:DefaultGraphCell>
    <GXML:ClassCell allowsChildren="true" children="S.97" hasAutoR="false" isFiltered="false" isInterface="false" showPackage="false" xmi.id="S.92">
     <GXML:ClassCell.property>
      <GXML:ClassGProperty bodyfontSize="11" fillColor="java.awt.Color[r=255,g=255,b=255]" outlineColor="java.awt.Color[r=0,g=0,b=0]" outlineWidth="1" selectionColor="java.awt.Color[r=255,g=0,b=0]" titlefontSize="12" xmi.id="S.93"/>
     </GXML:ClassCell.property>
     <GXML:ClassCell.filter>
      <GXML:ClassFilter xmi.id="S.94">
       <GXML:ClassFilter.map>
        <GXML:HashtableStrings keys="a_pac m_pub m_pro m_pri msignature a_pri stereotype a_pub a_pro m_pac" values="true true true true true true true true true true" xmi.id="S.95"/>
       </GXML:ClassFilter.map>
      </GXML:ClassFilter>
     </GXML:ClassCell.filter>
     <GXML:DefaultGraphCell.attributes>
      <GXML:HashtableStrings xmi.id="S.96">
       <GXML:HashtableStrings.value>
        <UML:Class href="../F1TeamModel.xml|S.124" xml:link="simple" xmlns:UML="http://lci/xml"/>
       </GXML:HashtableStrings.value>
      </GXML:HashtableStrings>
     </GXML:DefaultGraphCell.attributes>
     <GXML:DefaultMutableTreeNode.userObject>
      <UML:Class href="../F1TeamModel.xml|S.124" xml:link="simple" xmlns:UML="http://lci/xml"/>
     </GXML:DefaultMutableTreeNode.userObject>
    </GXML:ClassCell>
    <GXML:SpecialPort allowsChildren="false" parent="S.92" xmi.id="S.97">
     <GXML:DefaultGraphCell.attributes>
      <GXML:HashtableStrings xmi.id="S.98"/>
     </GXML:DefaultGraphCell.attributes>
    </GXML:SpecialPort>
    <GXML:SpecialPort allowsChildren="false" parent="S.101" xmi.id="S.99">
     <GXML:DefaultGraphCell.attributes>
      <GXML:HashtableStrings xmi.id="S.100"/>
     </GXML:DefaultGraphCell.attributes>
    </GXML:SpecialPort>
    <GXML:SpecialEdge allowsChildren="true" children="S.99" isRouted="false" labels="S.102 S.103 S.104 S.39" source="S.7" target="S.53" xmi.id="S.101">
     <GXML:DefaultGraphCell.attributes>
      <GXML:HashtableStrings keys="lineBegin endsize editable linewidth lineEnd beginSize" values="0 18 false 1.0 0 18" xmi.id="S.105">
       <GXML:HashtableStrings.value>
        <UML:AssociationClass href="../F1TeamModel.xml|S.121" xml:link="simple" xmlns:UML="http://lci/xml"/>
       </GXML:HashtableStrings.value>
      </GXML:HashtableStrings>
     </GXML:DefaultGraphCell.attributes>
     <GXML:DefaultMutableTreeNode.userObject>
      <UML:AssociationClass href="../F1TeamModel.xml|S.121" xml:link="simple" xmlns:UML="http://lci/xml"/>
     </GXML:DefaultMutableTreeNode.userObject>
    </GXML:SpecialEdge>
    <GXML:DefaultGraphCell allowsChildren="true" userObjectString="1" xmi.id="S.106">
     <GXML:DefaultGraphCell.attributes>
      <GXML:HashtableStrings keys="value" values="1" xmi.id="S.107"/>
     </GXML:DefaultGraphCell.attributes>
    </GXML:DefaultGraphCell>
    <GXML:DefaultGraphCell allowsChildren="true" userObjectString="+team" xmi.id="S.108">
     <GXML:DefaultGraphCell.attributes>
      <GXML:HashtableStrings keys="value" values="+team" xmi.id="S.109"/>
     </GXML:DefaultGraphCell.attributes>
    </GXML:DefaultGraphCell>
    <GXML:DefaultGraphCell allowsChildren="true" userObjectString="1" xmi.id="S.104">
     <GXML:DefaultGraphCell.attributes>
      <GXML:HashtableStrings keys="value" values="1" xmi.id="S.110"/>
     </GXML:DefaultGraphCell.attributes>
    </GXML:DefaultGraphCell>
    <GXML:DefaultGraphCell allowsChildren="true" userObjectString="+team" xmi.id="S.103">
     <GXML:DefaultGraphCell.attributes>
      <GXML:HashtableStrings keys="value" values="+team" xmi.id="S.111"/>
     </GXML:DefaultGraphCell.attributes>
    </GXML:DefaultGraphCell>
    <GXML:SpecialPort allowsChildren="false" parent="S.48" xmi.id="S.53">
     <GXML:DefaultGraphCell.attributes>
      <GXML:HashtableStrings xmi.id="S.112"/>
     </GXML:DefaultGraphCell.attributes>
    </GXML:SpecialPort>
    <GXML:DefaultGraphCell allowsChildren="true" userObjectString="+contract" xmi.id="S.113">
     <GXML:DefaultGraphCell.attributes>
      <GXML:HashtableStrings keys="value" values="+contract" xmi.id="S.114"/>
     </GXML:DefaultGraphCell.attributes>
    </GXML:DefaultGraphCell>
    <GXML:SpecialPort allowsChildren="false" parent="S.117" xmi.id="S.115">
     <GXML:DefaultGraphCell.attributes>
      <GXML:HashtableStrings xmi.id="S.116"/>
     </GXML:DefaultGraphCell.attributes>
    </GXML:SpecialPort>
    <GXML:DefaultGraphCell allowsChildren="true" userObjectString="1" xmi.id="S.102">
     <GXML:DefaultGraphCell.attributes>
      <GXML:HashtableStrings keys="value" values="1" xmi.id="S.118"/>
     </GXML:DefaultGraphCell.attributes>
    </GXML:DefaultGraphCell>
    <GXML:ClassCell allowsChildren="true" children="S.20" hasAutoR="false" isFiltered="false" isInterface="false" showPackage="false" xmi.id="S.22">
     <GXML:ClassCell.property>
      <GXML:ClassGProperty bodyfontSize="11" fillColor="java.awt.Color[r=255,g=255,b=255]" outlineColor="java.awt.Color[r=0,g=0,b=0]" outlineWidth="1" selectionColor="java.awt.Color[r=255,g=0,b=0]" titlefontSize="12" xmi.id="S.119"/>
     </GXML:ClassCell.property>
     <GXML:ClassCell.filter>
      <GXML:ClassFilter xmi.id="S.120">
       <GXML:ClassFilter.map>
        <GXML:HashtableStrings keys="a_pac m_pub m_pro m_pri msignature a_pri stereotype a_pub a_pro m_pac" values="true true true true true true true true true true" xmi.id="S.121"/>
       </GXML:ClassFilter.map>
      </GXML:ClassFilter>
     </GXML:ClassCell.filter>
     <GXML:DefaultGraphCell.attributes>
      <GXML:HashtableStrings xmi.id="S.122">
       <GXML:HashtableStrings.value>
        <UML:Class href="../F1TeamModel.xml|S.140" xml:link="simple" xmlns:UML="http://lci/xml"/>
       </GXML:HashtableStrings.value>
      </GXML:HashtableStrings>
     </GXML:DefaultGraphCell.attributes>
     <GXML:DefaultMutableTreeNode.userObject>
      <UML:Class href="../F1TeamModel.xml|S.140" xml:link="simple" xmlns:UML="http://lci/xml"/>
     </GXML:DefaultMutableTreeNode.userObject>
    </GXML:ClassCell>
    <GXML:SpecialEdge allowsChildren="true" children="S.79" isRouted="false" source="S.28" target="S.97" xmi.id="S.81">
     <GXML:DefaultGraphCell.attributes>
      <GXML:HashtableStrings keys="endsize editable linewidth lineEnd beginSize" values="18 false 1.0 2 18" xmi.id="S.123">
       <GXML:HashtableStrings.value>
        <UML:Generalization href="../F1TeamModel.xml|S.144" xml:link="simple" xmlns:UML="http://lci/xml"/>
       </GXML:HashtableStrings.value>
      </GXML:HashtableStrings>
     </GXML:DefaultGraphCell.attributes>
     <GXML:DefaultMutableTreeNode.userObject>
      <UML:Generalization href="../F1TeamModel.xml|S.144" xml:link="simple" xmlns:UML="http://lci/xml"/>
     </GXML:DefaultMutableTreeNode.userObject>
    </GXML:SpecialEdge>
    <GXML:SpecialEdge allowsChildren="true" children="S.72" isRouted="false" labels="S.82 S.5 S.88 S.46" source="S.7" target="S.15" xmi.id="S.74">
     <GXML:DefaultGraphCell.attributes>
      <GXML:HashtableStrings keys="lineBegin endsize editable linewidth lineEnd beginSize" values="0 18 false 1.0 0 18" xmi.id="S.124">
       <GXML:HashtableStrings.value>
        <UML:Association href="../F1TeamModel.xml|S.233" xml:link="simple" xmlns:UML="http://lci/xml"/>
       </GXML:HashtableStrings.value>
      </GXML:HashtableStrings>
     </GXML:DefaultGraphCell.attributes>
     <GXML:DefaultMutableTreeNode.userObject>
      <UML:Association href="../F1TeamModel.xml|S.233" xml:link="simple" xmlns:UML="http://lci/xml"/>
     </GXML:DefaultMutableTreeNode.userObject>
    </GXML:SpecialEdge>
    <GXML:SpecialEdge allowsChildren="true" children="S.58" isRouted="false" labels="S.106 S.113 S.41 S.56" source="S.34" target="S.20" xmi.id="S.60">
     <GXML:DefaultGraphCell.attributes>
      <GXML:HashtableStrings keys="beginFill lineBegin endsize editable linewidth lineEnd beginSize" values="true 9 18 false 1.0 0 18" xmi.id="S.125">
       <GXML:HashtableStrings.value>
        <UML:Association href="../F1TeamModel.xml|S.258" xml:link="simple" xmlns:UML="http://lci/xml"/>
       </GXML:HashtableStrings.value>
      </GXML:HashtableStrings>
     </GXML:DefaultGraphCell.attributes>
     <GXML:DefaultMutableTreeNode.userObject>
      <UML:Association href="../F1TeamModel.xml|S.258" xml:link="simple" xmlns:UML="http://lci/xml"/>
     </GXML:DefaultMutableTreeNode.userObject>
    </GXML:SpecialEdge>
    <GXML:SpecialEdge allowsChildren="true" children="S.36" isRouted="false" labels="S.126 S.127 S.128 S.129" source="S.34" target="S.99" xmi.id="S.38">
     <GXML:DefaultGraphCell.attributes>
      <GXML:HashtableStrings keys="endsize dashPattern editable linewidth beginSize" values="18 [3.0,0.0,3.0] false 1.0 18" xmi.id="S.130">
       <GXML:HashtableStrings.value>
        <UML:AssociationClass href="../F1TeamModel.xml|S.121" xml:link="simple" xmlns:UML="http://lci/xml"/>
       </GXML:HashtableStrings.value>
      </GXML:HashtableStrings>
     </GXML:DefaultGraphCell.attributes>
     <GXML:DefaultMutableTreeNode.userObject>
      <UML:AssociationClass href="../F1TeamModel.xml|S.121" xml:link="simple" xmlns:UML="http://lci/xml"/>
     </GXML:DefaultMutableTreeNode.userObject>
    </GXML:SpecialEdge>
    <GXML:SpecialEdge allowsChildren="true" children="S.2" isRouted="false" labels="S.66 S.108 S.90 S.54" source="S.7" target="S.28" xmi.id="S.4">
     <GXML:DefaultGraphCell.attributes>
      <GXML:HashtableStrings keys="lineBegin endsize editable linewidth lineEnd beginSize" values="0 18 false 1.0 0 18" xmi.id="S.131">
       <GXML:HashtableStrings.value>
        <UML:Association href="../F1TeamModel.xml|S.219" xml:link="simple" xmlns:UML="http://lci/xml"/>
       </GXML:HashtableStrings.value>
      </GXML:HashtableStrings>
     </GXML:DefaultGraphCell.attributes>
     <GXML:DefaultMutableTreeNode.userObject>
      <UML:Association href="../F1TeamModel.xml|S.219" xml:link="simple" xmlns:UML="http://lci/xml"/>
     </GXML:DefaultMutableTreeNode.userObject>
    </GXML:SpecialEdge>
    <GXML:SpecialEdge allowsChildren="true" children="S.115" isRouted="false" source="S.53" target="S.97" xmi.id="S.117">
     <GXML:DefaultGraphCell.attributes>
      <GXML:HashtableStrings keys="endsize editable linewidth lineEnd beginSize" values="18 false 1.0 2 18" xmi.id="S.132">
       <GXML:HashtableStrings.value>
        <UML:Generalization href="../F1TeamModel.xml|S.143" xml:link="simple" xmlns:UML="http://lci/xml"/>
       </GXML:HashtableStrings.value>
      </GXML:HashtableStrings>
     </GXML:DefaultGraphCell.attributes>
     <GXML:DefaultMutableTreeNode.userObject>
      <UML:Generalization href="../F1TeamModel.xml|S.143" xml:link="simple" xmlns:UML="http://lci/xml"/>
     </GXML:DefaultMutableTreeNode.userObject>
    </GXML:SpecialEdge>
    <GXML:SpecialEdge allowsChildren="true" children="S.85" isRouted="false" labels="S.61 S.16 S.43 S.18" source="S.7" target="S.63" xmi.id="S.87">
     <GXML:DefaultGraphCell.attributes>
      <GXML:HashtableStrings keys="lineBegin endsize editable linewidth lineEnd beginSize" values="0 18 false 1.0 0 18" xmi.id="S.133">
       <GXML:HashtableStrings.value>
        <UML:Association href="../F1TeamModel.xml|S.226" xml:link="simple" xmlns:UML="http://lci/xml"/>
       </GXML:HashtableStrings.value>
      </GXML:HashtableStrings>
     </GXML:DefaultGraphCell.attributes>
     <GXML:DefaultMutableTreeNode.userObject>
      <UML:Association href="../F1TeamModel.xml|S.226" xml:link="simple" xmlns:UML="http://lci/xml"/>
     </GXML:DefaultMutableTreeNode.userObject>
    </GXML:SpecialEdge>
   </GXML:ClassDiagram.flat>
   <GXML:ClassDiagram.connectionSet>
    <GXML:ConnectionSet connections="S.135 S.136 S.137 S.138 S.139 S.140 S.141 S.142 S.143 S.144 S.145 S.146 S.147 S.148 S.149 S.150" edges="S.117 S.60 S.74 S.4 S.38 S.87 S.81 S.101" xmi.id="S.134">
     <GXML:ConnectionSet.connections>
      <GXML:ConnectionSet_GXConnection edge="S.81" isSource="false" port="S.97" xmi.id="S.135"/>
      <GXML:ConnectionSet_GXConnection edge="S.74" isSource="false" port="S.15" xmi.id="S.136"/>
      <GXML:ConnectionSet_GXConnection edge="S.4" isSource="false" port="S.28" xmi.id="S.137"/>
      <GXML:ConnectionSet_GXConnection edge="S.38" isSource="false" port="S.99" xmi.id="S.138"/>
      <GXML:ConnectionSet_GXConnection edge="S.60" isSource="true" port="S.34" xmi.id="S.139"/>
      <GXML:ConnectionSet_GXConnection edge="S.101" isSource="false" port="S.53" xmi.id="S.140"/>
      <GXML:ConnectionSet_GXConnection edge="S.101" isSource="true" port="S.7" xmi.id="S.141"/>
      <GXML:ConnectionSet_GXConnection edge="S.38" isSource="true" port="S.34" xmi.id="S.142"/>
      <GXML:ConnectionSet_GXConnection edge="S.60" isSource="false" port="S.20" xmi.id="S.143"/>
      <GXML:ConnectionSet_GXConnection edge="S.87" isSource="false" port="S.63" xmi.id="S.144"/>
      <GXML:ConnectionSet_GXConnection edge="S.81" isSource="true" port="S.28" xmi.id="S.145"/>
      <GXML:ConnectionSet_GXConnection edge="S.4" isSource="true" port="S.7" xmi.id="S.146"/>
      <GXML:ConnectionSet_GXConnection edge="S.74" isSource="true" port="S.7" xmi.id="S.147"/>
      <GXML:ConnectionSet_GXConnection edge="S.117" isSource="true" port="S.53" xmi.id="S.148"/>
      <GXML:ConnectionSet_GXConnection edge="S.117" isSource="false" port="S.97" xmi.id="S.149"/>
      <GXML:ConnectionSet_GXConnection edge="S.87" isSource="true" port="S.7" xmi.id="S.150"/>
     </GXML:ConnectionSet.connections>
    </GXML:ConnectionSet>
   </GXML:ClassDiagram.connectionSet>
   <GXML:ClassDiagram.globalFilter>
    <GXML:ClassFilter xmi.id="S.151">
     <GXML:ClassFilter.map>
      <GXML:HashtableStrings keys="a_pac m_pub m_pro m_pri msignature a_pri stereotype a_pub a_pro m_pac" values="true true true true true true true true true true" xmi.id="S.152"/>
     </GXML:ClassFilter.map>
    </GXML:ClassFilter>
   </GXML:ClassDiagram.globalFilter>
   <GXML:ClassDiagram.cells>
    <GXML:SpecialEdge xmi.idref="S.4"/>
    <GXML:SpecialEdge xmi.idref="S.87"/>
    <GXML:SpecialEdge xmi.idref="S.101"/>
    <GXML:SpecialEdge xmi.idref="S.117"/>
    <GXML:SpecialEdge xmi.idref="S.81"/>
    <GXML:SpecialEdge xmi.idref="S.38"/>
    <GXML:ClassCell xmi.idref="S.22"/>
    <GXML:DefaultGraphCell xmi.idref="S.41"/>
    <GXML:DefaultGraphCell xmi.idref="S.56"/>
    <GXML:SpecialEdge xmi.idref="S.60"/>
    <GXML:DefaultGraphCell xmi.idref="S.106"/>
    <GXML:DefaultGraphCell xmi.idref="S.113"/>
    <GXML:ClassCell xmi.idref="S.29"/>
    <GXML:ClassCell xmi.idref="S.92"/>
    <GXML:ClassCell xmi.idref="S.23"/>
    <GXML:ClassCell xmi.idref="S.48"/>
    <GXML:ClassCell xmi.idref="S.65"/>
    <GXML:DefaultGraphCell xmi.idref="S.102"/>
    <GXML:DefaultGraphCell xmi.idref="S.103"/>
    <GXML:DefaultGraphCell xmi.idref="S.104"/>
    <GXML:DefaultGraphCell xmi.idref="S.39"/>
    <GXML:DefaultGraphCell xmi.idref="S.66"/>
    <GXML:DefaultGraphCell xmi.idref="S.108"/>
    <GXML:DefaultGraphCell xmi.idref="S.90"/>
    <GXML:DefaultGraphCell xmi.idref="S.54"/>
    <GXML:DefaultGraphCell xmi.idref="S.61"/>
    <GXML:DefaultGraphCell xmi.idref="S.16"/>
    <GXML:DefaultGraphCell xmi.idref="S.43"/>
    <GXML:DefaultGraphCell xmi.idref="S.18"/>
    <GXML:ClassCell xmi.idref="S.9"/>
    <GXML:ClassCell xmi.idref="S.10"/>
    <GXML:DefaultGraphCell xmi.idref="S.82"/>
    <GXML:DefaultGraphCell xmi.idref="S.5"/>
    <GXML:DefaultGraphCell xmi.idref="S.88"/>
    <GXML:DefaultGraphCell xmi.idref="S.46"/>
    <GXML:SpecialEdge xmi.idref="S.74"/>
   </GXML:ClassDiagram.cells>
   <GXML:ClassDiagram.classViews>
    <GXML:ClassCell xmi.idref="S.9"/>
    <GXML:ClassCell xmi.idref="S.92"/>
    <GXML:ClassCell xmi.idref="S.48"/>
    <GXML:ClassCell xmi.idref="S.29"/>
    <GXML:ClassCell xmi.idref="S.10"/>
    <GXML:ClassCell xmi.idref="S.23"/>
    <GXML:ClassCell xmi.idref="S.65"/>
    <GXML:ClassCell xmi.idref="S.22"/>
   </GXML:ClassDiagram.classViews>
   <GXML:ClassDiagram.relationViews>
    <GXML:SpecialEdge xmi.idref="S.101"/>
    <GXML:SpecialEdge xmi.idref="S.4"/>
    <GXML:SpecialEdge xmi.idref="S.87"/>
    <GXML:SpecialEdge xmi.idref="S.74"/>
    <GXML:SpecialEdge xmi.idref="S.117"/>
    <GXML:SpecialEdge xmi.idref="S.81"/>
    <GXML:SpecialEdge xmi.idref="S.38"/>
    <GXML:SpecialEdge xmi.idref="S.60"/>
   </GXML:ClassDiagram.relationViews>
   <GXML:ClassDiagram.viewAttributes>
    <GXML:Hashtable keys="S.115 S.90 S.7 S.5 S.108 S.38 S.79 S.9 S.104 S.65 S.48 S.85 S.88 S.103 S.63 S.23 S.60 S.101 S.99 S.61 S.20 S.10 S.29 S.53 S.54 S.97 S.22 S.36 S.102 S.28 S.82 S.66 S.41 S.106 S.46 S.113 S.15 S.4 S.58 S.74 S.34 S.92 S.117 S.39 S.16 S.18 S.56 S.43 S.87 S.72 S.2 S.81" xmi.id="S.153">
     <GXML:Hashtable.values>
      <GXML:HashtableStrings xmi.id="S.154"/>
      <GXML:HashtableStrings keys="editable bordercolor bounds opaque" values="true java.awt.Color[r=255,g=255,b=255] java.awt.Rectangle[x=655,y=319,width=23,height=21] false" xmi.id="S.155"/>
      <GXML:HashtableStrings xmi.id="S.156"/>
      <GXML:HashtableStrings keys="editable bordercolor bounds opaque" values="true java.awt.Color[r=255,g=255,b=255] java.awt.Rectangle[x=637,y=387,width=40,height=21] false" xmi.id="S.157"/>
      <GXML:HashtableStrings keys="editable bordercolor bounds opaque" values="true java.awt.Color[r=255,g=255,b=255] java.awt.Rectangle[x=525,y=350,width=40,height=21] false" xmi.id="S.158"/>
      <GXML:HashtableStrings keys="dashPattern labelposition endsize beginSize editable points linewidth" values="[3.0,0.0,3.0] java.awt.Point[x=500,y=500] 18 18 false [java.awt.Point[x=160,y=278],_java.awt.Point[x=444,y=278]] 1.0" xmi.id="S.159">
       <GXML:HashtableStrings.value>
        <UML:AssociationClass href="../F1TeamModel.xml|S.121" xml:link="simple" xmlns:UML="http://lci/xml"/>
       </GXML:HashtableStrings.value>
      </GXML:HashtableStrings>
      <GXML:HashtableStrings xmi.id="S.160"/>
      <GXML:HashtableStrings keys="bounds moveable opaque" values="java.awt.Rectangle[x=319,y=356,width=308,height=129] true true" xmi.id="S.161"/>
      <GXML:HashtableStrings keys="editable bordercolor bounds opaque" values="true java.awt.Color[r=255,g=255,b=255] java.awt.Rectangle[x=426,y=183,width=12,height=21] false" xmi.id="S.162"/>
      <GXML:HashtableStrings keys="bounds opaque" values="java.awt.Rectangle[x=652,y=516,width=196,height=129] true" xmi.id="S.163"/>
      <GXML:HashtableStrings keys="bounds moveable opaque" values="java.awt.Rectangle[x=293,y=101,width=247,height=72] true true" xmi.id="S.164"/>
      <GXML:HashtableStrings xmi.id="S.165"/>
      <GXML:HashtableStrings keys="editable bordercolor bounds opaque" values="true java.awt.Color[r=255,g=255,b=255] java.awt.Rectangle[x=878,y=424,width=12,height=21] false" xmi.id="S.166"/>
      <GXML:HashtableStrings keys="editable bordercolor bounds opaque" values="true java.awt.Color[r=255,g=255,b=255] java.awt.Rectangle[x=367,y=325,width=40,height=21] false" xmi.id="S.167"/>
      <GXML:HashtableStrings xmi.id="S.168"/>
      <GXML:HashtableStrings keys="bounds moveable opaque" values="java.awt.Rectangle[x=688,y=200,width=268,height=110] true true" xmi.id="S.169"/>
      <GXML:HashtableStrings keys="lineBegin linewidth endsize editable lineEnd beginFill points labelposition beginSize" values="9 1.0 18 false 0 true [java.awt.Point[x=160,y=278],_java.awt.Point[x=161,y=548]] java.awt.Point[x=500,y=500] 18" xmi.id="S.170"/>
      <GXML:HashtableStrings keys="labelposition endsize beginSize lineEnd lineBegin editable points linewidth" values="java.awt.Point[x=500,y=500] 18 18 0 0 false [java.awt.Point[x=474,y=421],_java.awt.Point[x=417,y=138]] 1.0" xmi.id="S.171"/>
      <GXML:HashtableStrings xmi.id="S.172"/>
      <GXML:HashtableStrings keys="editable bordercolor bounds opaque" values="true java.awt.Color[r=255,g=255,b=255] java.awt.Rectangle[x=525,y=477,width=12,height=21] false" xmi.id="S.173"/>
      <GXML:HashtableStrings xmi.id="S.174"/>
      <GXML:HashtableStrings keys="bounds opaque" values="java.awt.Rectangle[x=900,y=368,width=195,height=91] true" xmi.id="S.175"/>
      <GXML:HashtableStrings keys="bounds moveable opaque" values="java.awt.Rectangle[x=61,y=232,width=196,height=91] true true" xmi.id="S.176"/>
      <GXML:HashtableStrings xmi.id="S.177"/>
      <GXML:HashtableStrings keys="editable bordercolor bounds opaque" values="true java.awt.Color[r=255,g=255,b=255] java.awt.Rectangle[x=617,y=278,width=61,height=21] false" xmi.id="S.178"/>
      <GXML:HashtableStrings xmi.id="S.179"/>
      <GXML:HashtableStrings keys="bounds opaque" values="java.awt.Rectangle[x=63,y=502,width=195,height=91] true" xmi.id="S.180"/>
      <GXML:HashtableStrings xmi.id="S.181"/>
      <GXML:HashtableStrings keys="editable bordercolor bounds opaque" values="true java.awt.Color[r=255,g=255,b=255] java.awt.Rectangle[x=427,y=325,width=12,height=21] false" xmi.id="S.182"/>
      <GXML:HashtableStrings xmi.id="S.183"/>
      <GXML:HashtableStrings keys="editable bordercolor bounds opaque" values="true java.awt.Color[r=255,g=255,b=255] java.awt.Rectangle[x=637,y=428,width=23,height=21] false" xmi.id="S.184"/>
      <GXML:HashtableStrings keys="editable bordercolor bounds opaque" values="true java.awt.Color[r=255,g=255,b=255] java.awt.Rectangle[x=525,y=391,width=12,height=21] false" xmi.id="S.185"/>
      <GXML:HashtableStrings keys="editable bordercolor bounds opaque" values="true java.awt.Color[r=255,g=255,b=255] java.awt.Rectangle[x=170,y=471,width=12,height=21] false" xmi.id="S.186"/>
      <GXML:HashtableStrings keys="editable bordercolor bounds opaque" values="true java.awt.Color[r=255,g=255,b=255] java.awt.Rectangle[x=169,y=333,width=12,height=21] false" xmi.id="S.187"/>
      <GXML:HashtableStrings keys="editable bordercolor bounds opaque" values="true java.awt.Color[r=255,g=255,b=255] java.awt.Rectangle[x=794,y=383,width=96,height=21] false" xmi.id="S.188"/>
      <GXML:HashtableStrings keys="editable bordercolor bounds opaque" values="true java.awt.Color[r=255,g=255,b=255] java.awt.Rectangle[x=94,y=333,width=55,height=21] false" xmi.id="S.189"/>
      <GXML:HashtableStrings xmi.id="S.190"/>
      <GXML:HashtableStrings keys="labelposition endsize beginSize lineEnd lineBegin editable points linewidth" values="java.awt.Point[x=500,y=500] 18 18 0 0 false [java.awt.Point[x=474,y=421],_java.awt.Point[x=823,y=256]] 1.0" xmi.id="S.191"/>
      <GXML:HashtableStrings xmi.id="S.192"/>
      <GXML:HashtableStrings keys="labelposition endsize beginSize lineEnd lineBegin editable points linewidth" values="java.awt.Point[x=500,y=500] 18 18 0 0 false [java.awt.Point[x=474,y=421],_java.awt.Point[x=998,y=414]] 1.0" xmi.id="S.193"/>
      <GXML:HashtableStrings xmi.id="S.194"/>
      <GXML:HashtableStrings keys="bounds opaque" values="java.awt.Rectangle[x=592,y=34,width=196,height=110] true" xmi.id="S.195"/>
      <GXML:HashtableStrings keys="labelposition endsize beginSize lineEnd editable points linewidth" values="java.awt.Point[x=500,y=500] 18 18 2 false [java.awt.Point[x=417,y=138],_java.awt.Point[x=691,y=90]] 1.0" xmi.id="S.196">
       <GXML:HashtableStrings.value>
        <UML:Generalization href="../F1TeamModel.xml|S.143" xml:link="simple" xmlns:UML="http://lci/xml"/>
       </GXML:HashtableStrings.value>
      </GXML:HashtableStrings>
      <GXML:HashtableStrings keys="editable bordercolor bounds opaque" values="true java.awt.Color[r=255,g=255,b=255] java.awt.Rectangle[x=364,y=183,width=42,height=21] false" xmi.id="S.197"/>
      <GXML:HashtableStrings keys="editable bordercolor bounds opaque" values="true java.awt.Color[r=255,g=255,b=255] java.awt.Rectangle[x=525,y=436,width=40,height=21] false" xmi.id="S.198"/>
      <GXML:HashtableStrings keys="editable bordercolor bounds opaque" values="true java.awt.Color[r=255,g=255,b=255] java.awt.Rectangle[x=613,y=502,width=29,height=21] false" xmi.id="S.199"/>
      <GXML:HashtableStrings keys="editable bordercolor bounds opaque" values="true java.awt.Color[r=255,g=255,b=255] java.awt.Rectangle[x=114,y=471,width=36,height=21] false" xmi.id="S.200"/>
      <GXML:HashtableStrings keys="editable bordercolor bounds opaque" values="true java.awt.Color[r=255,g=255,b=255] java.awt.Rectangle[x=630,y=543,width=12,height=21] false" xmi.id="S.201"/>
      <GXML:HashtableStrings keys="labelposition endsize beginSize lineEnd lineBegin editable points linewidth" values="java.awt.Point[x=500,y=500] 18 18 0 0 false [java.awt.Point[x=474,y=421],_java.awt.Point[x=751,y=581]] 1.0" xmi.id="S.202"/>
      <GXML:HashtableStrings xmi.id="S.203"/>
      <GXML:HashtableStrings xmi.id="S.204"/>
      <GXML:HashtableStrings keys="labelposition endsize beginSize lineEnd editable points linewidth" values="java.awt.Point[x=500,y=500] 18 18 2 false [java.awt.Point[x=823,y=256],_java.awt.Point[x=691,y=90]] 1.0" xmi.id="S.205">
       <GXML:HashtableStrings.value>
        <UML:Generalization href="../F1TeamModel.xml|S.144" xml:link="simple" xmlns:UML="http://lci/xml"/>
       </GXML:HashtableStrings.value>
      </GXML:HashtableStrings>
     </GXML:Hashtable.values>
    </GXML:Hashtable>
   </GXML:ClassDiagram.viewAttributes>
   <GXML:ClassDiagram.classes>
    <UML:Class href="../F1TeamModel.xml|S.102" xml:link="simple" xmlns:UML="http://lci/xml"/>
    <UML:Class href="../F1TeamModel.xml|S.124" xml:link="simple" xmlns:UML="http://lci/xml"/>
    <UML:Class href="../F1TeamModel.xml|S.123" xml:link="simple" xmlns:UML="http://lci/xml"/>
    <UML:AssociationClass href="../F1TeamModel.xml|S.121" xml:link="simple" xmlns:UML="http://lci/xml"/>
    <UML:Class href="../F1TeamModel.xml|S.174" xml:link="simple" xmlns:UML="http://lci/xml"/>
    <UML:Class href="../F1TeamModel.xml|S.155" xml:link="simple" xmlns:UML="http://lci/xml"/>
    <UML:Class href="../F1TeamModel.xml|S.153" xml:link="simple" xmlns:UML="http://lci/xml"/>
    <UML:Class href="../F1TeamModel.xml|S.140" xml:link="simple" xmlns:UML="http://lci/xml"/>
   </GXML:ClassDiagram.classes>
  </GXML:ClassDiagram>
  <GXML:DefaultGraphCell allowsChildren="true" userObjectString="" xmi.id="S.128" xmlns:GXML="http://lci/xml"/>
  <GXML:DefaultGraphCell allowsChildren="true" userObjectString="" xmi.id="S.129" xmlns:GXML="http://lci/xml"/>
  <GXML:DefaultGraphCell allowsChildren="true" userObjectString="" xmi.id="S.126" xmlns:GXML="http://lci/xml"/>
  <GXML:DefaultGraphCell allowsChildren="true" userObjectString="" xmi.id="S.127" xmlns:GXML="http://lci/xml"/>
 </XMI.content>
</XMI>
