<?xml version="1.0" encoding="UTF-8" standalone="no"?>
<XMI xmlns:GXML="//lci.cs.ubbcluj.ro/gxml" xmlns:UML="//org.omg/UML/1.3" xmi.version="1.1">
 <XMI.header>
  <XMI.documentation>
   <XMI.exporter>ocle 2.0</XMI.exporter>
   <XMI.exporterVersion>1.0</XMI.exporterVersion>
  </XMI.documentation>
  <XMI.metamodel xmi.name="GXAPI" xmi.version="0.1"/>
 </XMI.header>
 <XMI.content>
  <GXML:ClassDiagram background="java.awt.Color[r=255,g=255,b=255]" gridVisible="false" isLocked="false" name="NewClassDiagram" xmi.id="S.1" xmlns:GXML="http://lci/xml">
   <GXML:ClassDiagram.viewAttributes>
    <GXML:Hashtable keys="S.41 S.42 S.43 S.44 S.45 S.46 S.47 S.48 S.49 S.50 S.51 S.52 S.53 S.54 S.55 S.56 S.57 S.58 S.59 S.60 S.61 S.62 S.63 S.64 S.65 S.66 S.67 S.68 S.69 S.70 S.71 S.72 S.73 S.74 S.75 S.76 S.77 S.78" xmi.id="S.2">
     <GXML:Hashtable.values>
      <GXML:HashtableStrings xmi.id="S.3"/>
      <GXML:HashtableStrings xmi.id="S.4"/>
      <GXML:HashtableStrings keys="bounds opaque" values="java.awt.Rectangle[x=942,y=414,width=195,height=91] true" xmi.id="S.5"/>
      <GXML:HashtableStrings keys="labelposition endsize beginSize lineEnd lineBegin editable points linewidth" values="java.awt.Point[x=500,y=500] 18 18 0 0 false [java.awt.Point[x=386,y=243],_java.awt.Point[x=388,y=468]] 1.0" xmi.id="S.6"/>
      <GXML:HashtableStrings keys="labelposition endsize beginSize lineEnd lineBegin editable points linewidth" values="java.awt.Point[x=500,y=500] 18 18 0 0 false [java.awt.Point[x=723,y=312],_java.awt.Point[x=388,y=468]] 1.0" xmi.id="S.7"/>
      <GXML:HashtableStrings xmi.id="S.8"/>
      <GXML:HashtableStrings keys="labelposition endsize beginSize lineEnd editable points linewidth" values="java.awt.Point[x=500,y=500] 18 18 2 false [java.awt.Point[x=723,y=312],_java.awt.Point[x=643,y=110]] 1.0" xmi.id="S.9">
       <GXML:HashtableStrings.value>
        <UML:Generalization href="../F1TeamModel.xml|S.200" xml:link="simple" xmlns:UML="http://lci/xml"/>
       </GXML:HashtableStrings.value>
      </GXML:HashtableStrings>
      <GXML:HashtableStrings xmi.id="S.10"/>
      <GXML:HashtableStrings keys="labelposition endsize beginSize lineEnd editable points linewidth" values="java.awt.Point[x=500,y=500] 18 18 2 false [java.awt.Point[x=386,y=243],_java.awt.Point[x=643,y=110]] 1.0" xmi.id="S.11">
       <GXML:HashtableStrings.value>
        <UML:Generalization href="../F1TeamModel.xml|S.199" xml:link="simple" xmlns:UML="http://lci/xml"/>
       </GXML:HashtableStrings.value>
      </GXML:HashtableStrings>
      <GXML:HashtableStrings keys="editable bordercolor bounds opaque" values="true java.awt.Color[r=255,g=255,b=255] java.awt.Rectangle[x=521,y=435,width=40,height=21] false" xmi.id="S.12"/>
      <GXML:HashtableStrings keys="bounds opaque" values="java.awt.Rectangle[x=544,y=54,width=196,height=110] true" xmi.id="S.13"/>
      <GXML:HashtableStrings xmi.id="S.14"/>
      <GXML:HashtableStrings keys="editable bordercolor bounds opaque" values="true java.awt.Color[r=255,g=255,b=255] java.awt.Rectangle[x=521,y=379,width=40,height=21] false" xmi.id="S.15"/>
      <GXML:HashtableStrings xmi.id="S.16"/>
      <GXML:HashtableStrings keys="editable bordercolor bounds opaque" values="true java.awt.Color[r=255,g=255,b=255] java.awt.Rectangle[x=395,y=297,width=12,height=21] false" xmi.id="S.17"/>
      <GXML:HashtableStrings keys="editable bordercolor bounds opaque" values="true java.awt.Color[r=255,g=255,b=255] java.awt.Rectangle[x=521,y=476,width=23,height=21] false" xmi.id="S.18"/>
      <GXML:HashtableStrings keys="bounds opaque" values="java.awt.Rectangle[x=622,y=256,width=200,height=110] true" xmi.id="S.19"/>
      <GXML:HashtableStrings xmi.id="S.20"/>
      <GXML:HashtableStrings keys="labelposition endsize beginSize lineEnd lineBegin editable points linewidth" values="java.awt.Point[x=500,y=500] 18 18 0 0 false [java.awt.Point[x=1040,y=460],_java.awt.Point[x=388,y=468]] 1.0" xmi.id="S.21"/>
      <GXML:HashtableStrings xmi.id="S.22"/>
      <GXML:HashtableStrings keys="editable bordercolor bounds opaque" values="true java.awt.Color[r=255,g=255,b=255] java.awt.Rectangle[x=333,y=297,width=42,height=21] false" xmi.id="S.23"/>
      <GXML:HashtableStrings xmi.id="S.24"/>
      <GXML:HashtableStrings keys="editable bordercolor bounds opaque" values="true java.awt.Color[r=255,g=255,b=255] java.awt.Rectangle[x=521,y=420,width=12,height=21] false" xmi.id="S.25"/>
      <GXML:HashtableStrings xmi.id="S.26"/>
      <GXML:HashtableStrings keys="bounds opaque" values="java.awt.Rectangle[x=54,y=302,width=196,height=91] true" xmi.id="S.27"/>
      <GXML:HashtableStrings xmi.id="S.28"/>
      <GXML:HashtableStrings keys="editable bordercolor bounds opaque" values="true java.awt.Color[r=255,g=255,b=255] java.awt.Rectangle[x=836,y=429,width=96,height=21] false" xmi.id="S.29"/>
      <GXML:HashtableStrings keys="editable bordercolor bounds opaque" values="true java.awt.Color[r=255,g=255,b=255] java.awt.Rectangle[x=397,y=372,width=12,height=21] false" xmi.id="S.30"/>
      <GXML:HashtableStrings xmi.id="S.31"/>
      <GXML:HashtableStrings keys="dashPattern labelposition endsize beginSize editable points linewidth" values="[3.0,0.0,3.0] java.awt.Point[x=500,y=500] 18 18 false [java.awt.Point[x=153,y=348],_java.awt.Point[x=385,y=354]] 1.0" xmi.id="S.32">
       <GXML:HashtableStrings.value>
        <UML:AssociationClass href="../F1TeamModel.xml|S.161" xml:link="simple" xmlns:UML="http://lci/xml"/>
       </GXML:HashtableStrings.value>
      </GXML:HashtableStrings>
      <GXML:HashtableStrings keys="bounds opaque" values="java.awt.Rectangle[x=50,y=501,width=195,height=91] true" xmi.id="S.33"/>
      <GXML:HashtableStrings keys="editable bordercolor bounds opaque" values="true java.awt.Color[r=255,g=255,b=255] java.awt.Rectangle[x=589,y=367,width=23,height=21] false" xmi.id="S.34"/>
      <GXML:HashtableStrings keys="editable bordercolor bounds opaque" values="true java.awt.Color[r=255,g=255,b=255] java.awt.Rectangle[x=920,y=470,width=12,height=21] false" xmi.id="S.35"/>
      <GXML:HashtableStrings keys="bounds opaque" values="java.awt.Rectangle[x=288,y=197,width=195,height=90] true" xmi.id="S.36"/>
      <GXML:HashtableStrings keys="editable bordercolor bounds opaque" values="true java.awt.Color[r=255,g=255,b=255] java.awt.Rectangle[x=551,y=326,width=61,height=21] false" xmi.id="S.37"/>
      <GXML:HashtableStrings xmi.id="S.38"/>
      <GXML:HashtableStrings keys="editable bordercolor bounds opaque" values="true java.awt.Color[r=255,g=255,b=255] java.awt.Rectangle[x=337,y=372,width=40,height=21] false" xmi.id="S.39"/>
      <GXML:HashtableStrings keys="bounds opaque" values="java.awt.Rectangle[x=263,y=403,width=248,height=129] true" xmi.id="S.40"/>
     </GXML:Hashtable.values>
    </GXML:Hashtable>
   </GXML:ClassDiagram.viewAttributes>
   <GXML:ClassDiagram.owner>
    <UML:Model href="../F1TeamModel.xml|S.1" xml:link="simple" xmlns:UML="http://lci/xml"/>
   </GXML:ClassDiagram.owner>
   <GXML:ClassDiagram.classViews>
    <GXML:ClassCell xmi.idref="S.78"/>
    <GXML:ClassCell xmi.idref="S.51"/>
    <GXML:ClassCell xmi.idref="S.74"/>
    <GXML:ClassCell xmi.idref="S.65"/>
    <GXML:ClassCell xmi.idref="S.43"/>
    <GXML:ClassCell xmi.idref="S.57"/>
    <GXML:ClassCell xmi.idref="S.71"/>
   </GXML:ClassDiagram.classViews>
   <GXML:ClassDiagram.flat>
    <GXML:SpecialPort allowsChildren="false" parent="S.57" xmi.id="S.76">
     <GXML:DefaultGraphCell.attributes>
      <GXML:HashtableStrings xmi.id="S.79"/>
     </GXML:DefaultGraphCell.attributes>
    </GXML:SpecialPort>
    <GXML:SpecialPort allowsChildren="false" parent="S.70" xmi.id="S.58">
     <GXML:DefaultGraphCell.attributes>
      <GXML:HashtableStrings xmi.id="S.80"/>
     </GXML:DefaultGraphCell.attributes>
    </GXML:SpecialPort>
    <GXML:SpecialPort allowsChildren="false" parent="S.51" xmi.id="S.46">
     <GXML:DefaultGraphCell.attributes>
      <GXML:HashtableStrings xmi.id="S.81"/>
     </GXML:DefaultGraphCell.attributes>
    </GXML:SpecialPort>
    <GXML:ClassCell allowsChildren="true" children="S.48" hasAutoR="false" isFiltered="false" isInterface="false" showPackage="false" xmi.id="S.71">
     <GXML:ClassCell.property>
      <GXML:ClassGProperty bodyfontSize="11" fillColor="java.awt.Color[r=255,g=255,b=255]" outlineColor="java.awt.Color[r=0,g=0,b=0]" outlineWidth="1" selectionColor="java.awt.Color[r=255,g=0,b=0]" titlefontSize="12" xmi.id="S.82"/>
     </GXML:ClassCell.property>
     <GXML:ClassCell.filter>
      <GXML:ClassFilter xmi.id="S.83">
       <GXML:ClassFilter.map>
        <GXML:HashtableStrings keys="a_pac m_pub m_pro m_pri msignature a_pri stereotype a_pub a_pro m_pac" values="true true true true true true true true true true" xmi.id="S.84"/>
       </GXML:ClassFilter.map>
      </GXML:ClassFilter>
     </GXML:ClassCell.filter>
     <GXML:DefaultGraphCell.attributes>
      <GXML:HashtableStrings xmi.id="S.85">
       <GXML:HashtableStrings.value>
        <UML:Class href="../F1TeamModel.xml|S.196" xml:link="simple" xmlns:UML="http://lci/xml"/>
       </GXML:HashtableStrings.value>
      </GXML:HashtableStrings>
     </GXML:DefaultGraphCell.attributes>
     <GXML:DefaultMutableTreeNode.userObject>
      <UML:Class href="../F1TeamModel.xml|S.196" xml:link="simple" xmlns:UML="http://lci/xml"/>
     </GXML:DefaultMutableTreeNode.userObject>
    </GXML:ClassCell>
    <GXML:DefaultGraphCell allowsChildren="true" userObjectString="+team" xmi.id="S.53">
     <GXML:DefaultGraphCell.attributes>
      <GXML:HashtableStrings keys="value" values="+team" xmi.id="S.86"/>
     </GXML:DefaultGraphCell.attributes>
    </GXML:DefaultGraphCell>
    <GXML:SpecialPort allowsChildren="false" parent="S.71" xmi.id="S.48">
     <GXML:DefaultGraphCell.attributes>
      <GXML:HashtableStrings xmi.id="S.87"/>
     </GXML:DefaultGraphCell.attributes>
    </GXML:SpecialPort>
    <GXML:ClassCell allowsChildren="true" children="S.64" hasAutoR="false" isFiltered="false" isInterface="false" showPackage="false" xmi.id="S.74">
     <GXML:ClassCell.property>
      <GXML:ClassGProperty bodyfontSize="11" fillColor="java.awt.Color[r=255,g=255,b=255]" outlineColor="java.awt.Color[r=0,g=0,b=0]" outlineWidth="1" selectionColor="java.awt.Color[r=255,g=0,b=0]" titlefontSize="12" xmi.id="S.88"/>
     </GXML:ClassCell.property>
     <GXML:ClassCell.filter>
      <GXML:ClassFilter xmi.id="S.89">
       <GXML:ClassFilter.map>
        <GXML:HashtableStrings keys="a_pac m_pub m_pro m_pri msignature a_pri stereotype a_pub a_pro m_pac" values="true true true true true true true true true true" xmi.id="S.90"/>
       </GXML:ClassFilter.map>
      </GXML:ClassFilter>
     </GXML:ClassCell.filter>
     <GXML:DefaultGraphCell.attributes>
      <GXML:HashtableStrings xmi.id="S.91">
       <GXML:HashtableStrings.value>
        <UML:Class href="../F1TeamModel.xml|S.163" xml:link="simple" xmlns:UML="http://lci/xml"/>
       </GXML:HashtableStrings.value>
      </GXML:HashtableStrings>
     </GXML:DefaultGraphCell.attributes>
     <GXML:DefaultMutableTreeNode.userObject>
      <UML:Class href="../F1TeamModel.xml|S.163" xml:link="simple" xmlns:UML="http://lci/xml"/>
     </GXML:DefaultMutableTreeNode.userObject>
    </GXML:ClassCell>
    <GXML:ClassCell allowsChildren="true" children="S.76" hasAutoR="false" isFiltered="false" isInterface="false" showPackage="false" xmi.id="S.57">
     <GXML:ClassCell.property>
      <GXML:ClassGProperty bodyfontSize="11" fillColor="java.awt.Color[r=255,g=255,b=255]" outlineColor="java.awt.Color[r=0,g=0,b=0]" outlineWidth="1" selectionColor="java.awt.Color[r=255,g=0,b=0]" titlefontSize="12" xmi.id="S.92"/>
     </GXML:ClassCell.property>
     <GXML:ClassCell.filter>
      <GXML:ClassFilter xmi.id="S.93">
       <GXML:ClassFilter.map>
        <GXML:HashtableStrings keys="a_pac m_pub m_pro m_pri msignature a_pri stereotype a_pub a_pro m_pac" values="true true true true true true true true true true" xmi.id="S.94"/>
       </GXML:ClassFilter.map>
      </GXML:ClassFilter>
     </GXML:ClassCell.filter>
     <GXML:DefaultGraphCell.attributes>
      <GXML:HashtableStrings xmi.id="S.95">
       <GXML:HashtableStrings.value>
        <UML:Class href="../F1TeamModel.xml|S.218" xml:link="simple" xmlns:UML="http://lci/xml"/>
       </GXML:HashtableStrings.value>
      </GXML:HashtableStrings>
     </GXML:DefaultGraphCell.attributes>
     <GXML:DefaultMutableTreeNode.userObject>
      <UML:Class href="../F1TeamModel.xml|S.218" xml:link="simple" xmlns:UML="http://lci/xml"/>
     </GXML:DefaultMutableTreeNode.userObject>
    </GXML:ClassCell>
    <GXML:SpecialPort allowsChildren="false" parent="S.45" xmi.id="S.52">
     <GXML:DefaultGraphCell.attributes>
      <GXML:HashtableStrings xmi.id="S.96"/>
     </GXML:DefaultGraphCell.attributes>
    </GXML:SpecialPort>
    <GXML:ClassCell allowsChildren="true" children="S.41" hasAutoR="false" isFiltered="false" isInterface="false" showPackage="false" xmi.id="S.65">
     <GXML:ClassCell.property>
      <GXML:ClassGProperty bodyfontSize="11" fillColor="java.awt.Color[r=255,g=255,b=255]" outlineColor="java.awt.Color[r=0,g=0,b=0]" outlineWidth="1" selectionColor="java.awt.Color[r=255,g=0,b=0]" titlefontSize="12" xmi.id="S.97"/>
     </GXML:ClassCell.property>
     <GXML:ClassCell.filter>
      <GXML:ClassFilter xmi.id="S.98">
       <GXML:ClassFilter.map>
        <GXML:HashtableStrings keys="a_pac m_pub m_pro m_pri msignature a_pri stereotype a_pub a_pro m_pac" values="true true true true true true true true true true" xmi.id="S.99"/>
       </GXML:ClassFilter.map>
      </GXML:ClassFilter>
     </GXML:ClassCell.filter>
     <GXML:DefaultGraphCell.attributes>
      <GXML:HashtableStrings xmi.id="S.100">
       <GXML:HashtableStrings.value>
        <UML:AssociationClass href="../F1TeamModel.xml|S.161" xml:link="simple" xmlns:UML="http://lci/xml"/>
       </GXML:HashtableStrings.value>
      </GXML:HashtableStrings>
     </GXML:DefaultGraphCell.attributes>
     <GXML:DefaultMutableTreeNode.userObject>
      <UML:AssociationClass href="../F1TeamModel.xml|S.161" xml:link="simple" xmlns:UML="http://lci/xml"/>
     </GXML:DefaultMutableTreeNode.userObject>
    </GXML:ClassCell>
    <GXML:DefaultGraphCell allowsChildren="true" userObjectString="1" xmi.id="S.73">
     <GXML:DefaultGraphCell.attributes>
      <GXML:HashtableStrings keys="value" values="1" xmi.id="S.101"/>
     </GXML:DefaultGraphCell.attributes>
    </GXML:DefaultGraphCell>
    <GXML:SpecialPort allowsChildren="false" parent="S.44" xmi.id="S.66">
     <GXML:DefaultGraphCell.attributes>
      <GXML:HashtableStrings xmi.id="S.102"/>
     </GXML:DefaultGraphCell.attributes>
    </GXML:SpecialPort>
    <GXML:DefaultGraphCell allowsChildren="true" userObjectString="1..*" xmi.id="S.72">
     <GXML:DefaultGraphCell.attributes>
      <GXML:HashtableStrings keys="value" values="1..*" xmi.id="S.103"/>
     </GXML:DefaultGraphCell.attributes>
    </GXML:DefaultGraphCell>
    <GXML:SpecialPort allowsChildren="false" parent="S.49" xmi.id="S.69">
     <GXML:DefaultGraphCell.attributes>
      <GXML:HashtableStrings xmi.id="S.104"/>
     </GXML:DefaultGraphCell.attributes>
    </GXML:SpecialPort>
    <GXML:DefaultGraphCell allowsChildren="true" userObjectString="+engineer" xmi.id="S.75">
     <GXML:DefaultGraphCell.attributes>
      <GXML:HashtableStrings keys="value" values="+engineer" xmi.id="S.105"/>
     </GXML:DefaultGraphCell.attributes>
    </GXML:DefaultGraphCell>
    <GXML:DefaultGraphCell allowsChildren="true" userObjectString="+team" xmi.id="S.77">
     <GXML:DefaultGraphCell.attributes>
      <GXML:HashtableStrings keys="value" values="+team" xmi.id="S.106"/>
     </GXML:DefaultGraphCell.attributes>
    </GXML:DefaultGraphCell>
    <GXML:DefaultGraphCell allowsChildren="true" userObjectString="2" xmi.id="S.55">
     <GXML:DefaultGraphCell.attributes>
      <GXML:HashtableStrings keys="value" values="2" xmi.id="S.107"/>
     </GXML:DefaultGraphCell.attributes>
    </GXML:DefaultGraphCell>
    <GXML:DefaultGraphCell allowsChildren="true" userObjectString="1" xmi.id="S.63">
     <GXML:DefaultGraphCell.attributes>
      <GXML:HashtableStrings keys="value" values="1" xmi.id="S.108"/>
     </GXML:DefaultGraphCell.attributes>
    </GXML:DefaultGraphCell>
    <GXML:SpecialPort allowsChildren="false" parent="S.47" xmi.id="S.60">
     <GXML:DefaultGraphCell.attributes>
      <GXML:HashtableStrings xmi.id="S.109"/>
     </GXML:DefaultGraphCell.attributes>
    </GXML:SpecialPort>
    <GXML:ClassCell allowsChildren="true" children="S.62" hasAutoR="false" isFiltered="false" isInterface="false" showPackage="false" xmi.id="S.43">
     <GXML:ClassCell.property>
      <GXML:ClassGProperty bodyfontSize="11" fillColor="java.awt.Color[r=255,g=255,b=255]" outlineColor="java.awt.Color[r=0,g=0,b=0]" outlineWidth="1" selectionColor="java.awt.Color[r=255,g=0,b=0]" titlefontSize="12" xmi.id="S.110"/>
     </GXML:ClassCell.property>
     <GXML:ClassCell.filter>
      <GXML:ClassFilter xmi.id="S.111">
       <GXML:ClassFilter.map>
        <GXML:HashtableStrings keys="a_pac m_pub m_pro m_pri msignature a_pri stereotype a_pub a_pro m_pac" values="true true true true true true true true true true" xmi.id="S.112"/>
       </GXML:ClassFilter.map>
      </GXML:ClassFilter>
     </GXML:ClassCell.filter>
     <GXML:DefaultGraphCell.attributes>
      <GXML:HashtableStrings xmi.id="S.113">
       <GXML:HashtableStrings.value>
        <UML:Class href="../F1TeamModel.xml|S.242" xml:link="simple" xmlns:UML="http://lci/xml"/>
       </GXML:HashtableStrings.value>
      </GXML:HashtableStrings>
     </GXML:DefaultGraphCell.attributes>
     <GXML:DefaultMutableTreeNode.userObject>
      <UML:Class href="../F1TeamModel.xml|S.242" xml:link="simple" xmlns:UML="http://lci/xml"/>
     </GXML:DefaultMutableTreeNode.userObject>
    </GXML:ClassCell>
    <GXML:DefaultGraphCell allowsChildren="true" userObjectString="1..*" xmi.id="S.56">
     <GXML:DefaultGraphCell.attributes>
      <GXML:HashtableStrings keys="value" values="1..*" xmi.id="S.114"/>
     </GXML:DefaultGraphCell.attributes>
    </GXML:DefaultGraphCell>
    <GXML:SpecialPort allowsChildren="false" parent="S.59" xmi.id="S.54">
     <GXML:DefaultGraphCell.attributes>
      <GXML:HashtableStrings xmi.id="S.115"/>
     </GXML:DefaultGraphCell.attributes>
    </GXML:SpecialPort>
    <GXML:DefaultGraphCell allowsChildren="true" userObjectString="1" xmi.id="S.68">
     <GXML:DefaultGraphCell.attributes>
      <GXML:HashtableStrings keys="value" values="1" xmi.id="S.116"/>
     </GXML:DefaultGraphCell.attributes>
    </GXML:DefaultGraphCell>
    <GXML:DefaultGraphCell allowsChildren="true" userObjectString="+engineSupplier" xmi.id="S.67">
     <GXML:DefaultGraphCell.attributes>
      <GXML:HashtableStrings keys="value" values="+engineSupplier" xmi.id="S.117"/>
     </GXML:DefaultGraphCell.attributes>
    </GXML:DefaultGraphCell>
    <GXML:SpecialPort allowsChildren="false" parent="S.43" xmi.id="S.62">
     <GXML:DefaultGraphCell.attributes>
      <GXML:HashtableStrings xmi.id="S.118"/>
     </GXML:DefaultGraphCell.attributes>
    </GXML:SpecialPort>
    <GXML:ClassCell allowsChildren="true" children="S.46" hasAutoR="false" isFiltered="false" isInterface="false" showPackage="false" xmi.id="S.51">
     <GXML:ClassCell.property>
      <GXML:ClassGProperty bodyfontSize="11" fillColor="java.awt.Color[r=255,g=255,b=255]" outlineColor="java.awt.Color[r=0,g=0,b=0]" outlineWidth="1" selectionColor="java.awt.Color[r=255,g=0,b=0]" titlefontSize="12" xmi.id="S.119"/>
     </GXML:ClassCell.property>
     <GXML:ClassCell.filter>
      <GXML:ClassFilter xmi.id="S.120">
       <GXML:ClassFilter.map>
        <GXML:HashtableStrings keys="a_pac m_pub m_pro m_pri msignature a_pri stereotype a_pub a_pro m_pac" values="true true true true true true true true true true" xmi.id="S.121"/>
       </GXML:ClassFilter.map>
      </GXML:ClassFilter>
     </GXML:ClassCell.filter>
     <GXML:DefaultGraphCell.attributes>
      <GXML:HashtableStrings xmi.id="S.122">
       <GXML:HashtableStrings.value>
        <UML:Class href="../F1TeamModel.xml|S.164" xml:link="simple" xmlns:UML="http://lci/xml"/>
       </GXML:HashtableStrings.value>
      </GXML:HashtableStrings>
     </GXML:DefaultGraphCell.attributes>
     <GXML:DefaultMutableTreeNode.userObject>
      <UML:Class href="../F1TeamModel.xml|S.164" xml:link="simple" xmlns:UML="http://lci/xml"/>
     </GXML:DefaultMutableTreeNode.userObject>
    </GXML:ClassCell>
    <GXML:ClassCell allowsChildren="true" children="S.42" hasAutoR="false" isFiltered="false" isInterface="false" showPackage="false" xmi.id="S.78">
     <GXML:ClassCell.property>
      <GXML:ClassGProperty bodyfontSize="11" fillColor="java.awt.Color[r=255,g=255,b=255]" outlineColor="java.awt.Color[r=0,g=0,b=0]" outlineWidth="1" selectionColor="java.awt.Color[r=255,g=0,b=0]" titlefontSize="12" xmi.id="S.123"/>
     </GXML:ClassCell.property>
     <GXML:ClassCell.filter>
      <GXML:ClassFilter xmi.id="S.124">
       <GXML:ClassFilter.map>
        <GXML:HashtableStrings keys="a_pac m_pub m_pro m_pri msignature a_pri stereotype a_pub a_pro m_pac" values="true true true true true true true true true true" xmi.id="S.125"/>
       </GXML:ClassFilter.map>
      </GXML:ClassFilter>
     </GXML:ClassCell.filter>
     <GXML:DefaultGraphCell.attributes>
      <GXML:HashtableStrings xmi.id="S.126">
       <GXML:HashtableStrings.value>
        <UML:Class href="../F1TeamModel.xml|S.137" xml:link="simple" xmlns:UML="http://lci/xml"/>
       </GXML:HashtableStrings.value>
      </GXML:HashtableStrings>
     </GXML:DefaultGraphCell.attributes>
     <GXML:DefaultMutableTreeNode.userObject>
      <UML:Class href="../F1TeamModel.xml|S.137" xml:link="simple" xmlns:UML="http://lci/xml"/>
     </GXML:DefaultMutableTreeNode.userObject>
    </GXML:ClassCell>
    <GXML:DefaultGraphCell allowsChildren="true" userObjectString="+driver" xmi.id="S.61">
     <GXML:DefaultGraphCell.attributes>
      <GXML:HashtableStrings keys="value" values="+driver" xmi.id="S.127"/>
     </GXML:DefaultGraphCell.attributes>
    </GXML:DefaultGraphCell>
    <GXML:DefaultGraphCell allowsChildren="true" userObjectString="+team" xmi.id="S.50">
     <GXML:DefaultGraphCell.attributes>
      <GXML:HashtableStrings keys="value" values="+team" xmi.id="S.128"/>
     </GXML:DefaultGraphCell.attributes>
    </GXML:DefaultGraphCell>
    <GXML:SpecialPort allowsChildren="false" parent="S.78" xmi.id="S.42">
     <GXML:DefaultGraphCell.attributes>
      <GXML:HashtableStrings xmi.id="S.129"/>
     </GXML:DefaultGraphCell.attributes>
    </GXML:SpecialPort>
    <GXML:SpecialPort allowsChildren="false" parent="S.65" xmi.id="S.41">
     <GXML:DefaultGraphCell.attributes>
      <GXML:HashtableStrings xmi.id="S.130"/>
     </GXML:DefaultGraphCell.attributes>
    </GXML:SpecialPort>
    <GXML:SpecialPort allowsChildren="false" parent="S.74" xmi.id="S.64">
     <GXML:DefaultGraphCell.attributes>
      <GXML:HashtableStrings xmi.id="S.131"/>
     </GXML:DefaultGraphCell.attributes>
    </GXML:SpecialPort>
    <GXML:SpecialEdge allowsChildren="true" children="S.54" isRouted="false" labels="S.73 S.67 S.56 S.50" source="S.62" target="S.42" xmi.id="S.59">
     <GXML:DefaultGraphCell.attributes>
      <GXML:HashtableStrings keys="lineBegin endsize editable linewidth lineEnd beginSize" values="0 18 false 1.0 0 18" xmi.id="S.132">
       <GXML:HashtableStrings.value>
        <UML:Association href="../F1TeamModel.xml|S.338" xml:link="simple" xmlns:UML="http://lci/xml"/>
       </GXML:HashtableStrings.value>
      </GXML:HashtableStrings>
     </GXML:DefaultGraphCell.attributes>
     <GXML:DefaultMutableTreeNode.userObject>
      <UML:Association href="../F1TeamModel.xml|S.338" xml:link="simple" xmlns:UML="http://lci/xml"/>
     </GXML:DefaultMutableTreeNode.userObject>
    </GXML:SpecialEdge>
    <GXML:SpecialEdge allowsChildren="true" children="S.60" isRouted="false" source="S.76" target="S.46" xmi.id="S.47">
     <GXML:DefaultGraphCell.attributes>
      <GXML:HashtableStrings keys="endsize editable linewidth lineEnd beginSize" values="18 false 1.0 2 18" xmi.id="S.133">
       <GXML:HashtableStrings.value>
        <UML:Generalization href="../F1TeamModel.xml|S.200" xml:link="simple" xmlns:UML="http://lci/xml"/>
       </GXML:HashtableStrings.value>
      </GXML:HashtableStrings>
     </GXML:DefaultGraphCell.attributes>
     <GXML:DefaultMutableTreeNode.userObject>
      <UML:Generalization href="../F1TeamModel.xml|S.200" xml:link="simple" xmlns:UML="http://lci/xml"/>
     </GXML:DefaultMutableTreeNode.userObject>
    </GXML:SpecialEdge>
    <GXML:SpecialEdge allowsChildren="true" children="S.52" isRouted="false" labels="S.72 S.75 S.63 S.53" source="S.76" target="S.42" xmi.id="S.45">
     <GXML:DefaultGraphCell.attributes>
      <GXML:HashtableStrings keys="lineBegin endsize editable linewidth lineEnd beginSize" values="0 18 false 1.0 0 18" xmi.id="S.134">
       <GXML:HashtableStrings.value>
        <UML:Association href="../F1TeamModel.xml|S.318" xml:link="simple" xmlns:UML="http://lci/xml"/>
       </GXML:HashtableStrings.value>
      </GXML:HashtableStrings>
     </GXML:DefaultGraphCell.attributes>
     <GXML:DefaultMutableTreeNode.userObject>
      <UML:Association href="../F1TeamModel.xml|S.318" xml:link="simple" xmlns:UML="http://lci/xml"/>
     </GXML:DefaultMutableTreeNode.userObject>
    </GXML:SpecialEdge>
    <GXML:SpecialEdge allowsChildren="true" children="S.66" isRouted="false" labels="S.55 S.61 S.68 S.77" source="S.64" target="S.42" xmi.id="S.44">
     <GXML:DefaultGraphCell.attributes>
      <GXML:HashtableStrings keys="lineBegin endsize editable linewidth lineEnd beginSize" values="0 18 false 1.0 0 18" xmi.id="S.135">
       <GXML:HashtableStrings.value>
        <UML:AssociationClass href="../F1TeamModel.xml|S.161" xml:link="simple" xmlns:UML="http://lci/xml"/>
       </GXML:HashtableStrings.value>
      </GXML:HashtableStrings>
     </GXML:DefaultGraphCell.attributes>
     <GXML:DefaultMutableTreeNode.userObject>
      <UML:AssociationClass href="../F1TeamModel.xml|S.161" xml:link="simple" xmlns:UML="http://lci/xml"/>
     </GXML:DefaultMutableTreeNode.userObject>
    </GXML:SpecialEdge>
    <GXML:SpecialEdge allowsChildren="true" children="S.58" isRouted="false" source="S.41" target="S.66" xmi.id="S.70">
     <GXML:DefaultGraphCell.attributes>
      <GXML:HashtableStrings keys="endsize dashPattern editable linewidth beginSize" values="18 [3.0,0.0,3.0] false 1.0 18" xmi.id="S.136">
       <GXML:HashtableStrings.value>
        <UML:AssociationClass href="../F1TeamModel.xml|S.161" xml:link="simple" xmlns:UML="http://lci/xml"/>
       </GXML:HashtableStrings.value>
      </GXML:HashtableStrings>
     </GXML:DefaultGraphCell.attributes>
     <GXML:DefaultMutableTreeNode.userObject>
      <UML:AssociationClass href="../F1TeamModel.xml|S.161" xml:link="simple" xmlns:UML="http://lci/xml"/>
     </GXML:DefaultMutableTreeNode.userObject>
    </GXML:SpecialEdge>
    <GXML:SpecialEdge allowsChildren="true" children="S.69" isRouted="false" source="S.64" target="S.46" xmi.id="S.49">
     <GXML:DefaultGraphCell.attributes>
      <GXML:HashtableStrings keys="endsize editable linewidth lineEnd beginSize" values="18 false 1.0 2 18" xmi.id="S.137">
       <GXML:HashtableStrings.value>
        <UML:Generalization href="../F1TeamModel.xml|S.199" xml:link="simple" xmlns:UML="http://lci/xml"/>
       </GXML:HashtableStrings.value>
      </GXML:HashtableStrings>
     </GXML:DefaultGraphCell.attributes>
     <GXML:DefaultMutableTreeNode.userObject>
      <UML:Generalization href="../F1TeamModel.xml|S.199" xml:link="simple" xmlns:UML="http://lci/xml"/>
     </GXML:DefaultMutableTreeNode.userObject>
    </GXML:SpecialEdge>
   </GXML:ClassDiagram.flat>
   <GXML:ClassDiagram.relationViews>
    <GXML:SpecialEdge xmi.idref="S.44"/>
    <GXML:SpecialEdge xmi.idref="S.49"/>
    <GXML:SpecialEdge xmi.idref="S.44"/>
    <GXML:SpecialEdge xmi.idref="S.59"/>
    <GXML:SpecialEdge xmi.idref="S.45"/>
    <GXML:SpecialEdge xmi.idref="S.47"/>
   </GXML:ClassDiagram.relationViews>
   <GXML:ClassDiagram.globalFilter>
    <GXML:ClassFilter xmi.id="S.138">
     <GXML:ClassFilter.map>
      <GXML:HashtableStrings keys="a_pac m_pub m_pro m_pri msignature a_pri stereotype a_pub a_pro m_pac" values="true true true true true true true true true true" xmi.id="S.139"/>
     </GXML:ClassFilter.map>
    </GXML:ClassFilter>
   </GXML:ClassDiagram.globalFilter>
   <GXML:ClassDiagram.cells>
    <GXML:SpecialEdge xmi.idref="S.44"/>
    <GXML:SpecialEdge xmi.idref="S.49"/>
    <GXML:SpecialEdge xmi.idref="S.70"/>
    <GXML:ClassCell xmi.idref="S.74"/>
    <GXML:ClassCell xmi.idref="S.78"/>
    <GXML:SpecialEdge xmi.idref="S.59"/>
    <GXML:ClassCell xmi.idref="S.43"/>
    <GXML:DefaultGraphCell xmi.idref="S.73"/>
    <GXML:DefaultGraphCell xmi.idref="S.67"/>
    <GXML:DefaultGraphCell xmi.idref="S.56"/>
    <GXML:DefaultGraphCell xmi.idref="S.50"/>
    <GXML:SpecialEdge xmi.idref="S.45"/>
    <GXML:SpecialEdge xmi.idref="S.47"/>
    <GXML:ClassCell xmi.idref="S.57"/>
    <GXML:DefaultGraphCell xmi.idref="S.72"/>
    <GXML:DefaultGraphCell xmi.idref="S.75"/>
    <GXML:DefaultGraphCell xmi.idref="S.63"/>
    <GXML:DefaultGraphCell xmi.idref="S.53"/>
    <GXML:ClassCell xmi.idref="S.65"/>
    <GXML:DefaultGraphCell xmi.idref="S.55"/>
    <GXML:DefaultGraphCell xmi.idref="S.61"/>
    <GXML:DefaultGraphCell xmi.idref="S.68"/>
    <GXML:DefaultGraphCell xmi.idref="S.77"/>
    <GXML:ClassCell xmi.idref="S.71"/>
    <GXML:ClassCell xmi.idref="S.51"/>
   </GXML:ClassDiagram.cells>
   <GXML:ClassDiagram.connectionSet>
    <GXML:ConnectionSet edges="S.45 S.49 S.70 S.44 S.47 S.59" xmi.id="S.140">
     <GXML:ConnectionSet.connections>
      <GXML:ConnectionSet_GXConnection edge="S.44" isSource="false" port="S.42" xmi.id="S.141"/>
      <GXML:ConnectionSet_GXConnection edge="S.49" isSource="false" port="S.46" xmi.id="S.142"/>
      <GXML:ConnectionSet_GXConnection edge="S.45" isSource="false" port="S.42" xmi.id="S.143"/>
      <GXML:ConnectionSet_GXConnection edge="S.45" isSource="true" port="S.76" xmi.id="S.144"/>
      <GXML:ConnectionSet_GXConnection edge="S.70" isSource="true" port="S.41" xmi.id="S.145"/>
      <GXML:ConnectionSet_GXConnection edge="S.70" isSource="false" port="S.66" xmi.id="S.146"/>
      <GXML:ConnectionSet_GXConnection edge="S.59" isSource="false" port="S.42" xmi.id="S.147"/>
      <GXML:ConnectionSet_GXConnection edge="S.44" isSource="true" port="S.64" xmi.id="S.148"/>
      <GXML:ConnectionSet_GXConnection edge="S.47" isSource="true" port="S.76" xmi.id="S.149"/>
      <GXML:ConnectionSet_GXConnection edge="S.59" isSource="true" port="S.62" xmi.id="S.150"/>
      <GXML:ConnectionSet_GXConnection edge="S.47" isSource="false" port="S.46" xmi.id="S.151"/>
      <GXML:ConnectionSet_GXConnection edge="S.49" isSource="true" port="S.64" xmi.id="S.152"/>
     </GXML:ConnectionSet.connections>
    </GXML:ConnectionSet>
   </GXML:ClassDiagram.connectionSet>
   <GXML:ClassDiagram.classes>
    <UML:Class href="../F1TeamModel.xml|S.137" xml:link="simple" xmlns:UML="http://lci/xml"/>
    <UML:Class href="../F1TeamModel.xml|S.164" xml:link="simple" xmlns:UML="http://lci/xml"/>
    <UML:Class href="../F1TeamModel.xml|S.163" xml:link="simple" xmlns:UML="http://lci/xml"/>
    <UML:AssociationClass href="../F1TeamModel.xml|S.161" xml:link="simple" xmlns:UML="http://lci/xml"/>
    <UML:Class href="../F1TeamModel.xml|S.242" xml:link="simple" xmlns:UML="http://lci/xml"/>
    <UML:Class href="../F1TeamModel.xml|S.218" xml:link="simple" xmlns:UML="http://lci/xml"/>
    <UML:Class href="../F1TeamModel.xml|S.196" xml:link="simple" xmlns:UML="http://lci/xml"/>
   </GXML:ClassDiagram.classes>
  </GXML:ClassDiagram>
 </XMI.content>
</XMI>
