<?xml version="1.0" encoding="UTF-8" standalone="no"?>
<XMI xmlns:GXML="//lci.cs.ubbcluj.ro/gxml" xmlns:UML="//org.omg/UML/1.3" xmi.version="1.1">
 <XMI.header>
  <XMI.documentation>
   <XMI.exporter>ocle 2.0</XMI.exporter>
   <XMI.exporterVersion>1.0</XMI.exporterVersion>
  </XMI.documentation>
  <XMI.metamodel xmi.name="GXAPI" xmi.version="0.1"/>
 </XMI.header>
 <XMI.content>
  <GXML:ClassDiagram background="java.awt.Color[r=255,g=255,b=255]" gridVisible="false" isLocked="false" name="NewClassDiagram" xmi.id="S.1" xmlns:GXML="http://lci/xml">
   <GXML:ClassDiagram.connectionSet>
    <GXML:ConnectionSet edges="S.3 S.4 S.5 S.6 S.7 S.8 S.9 S.10" xmi.id="S.2">
     <GXML:ConnectionSet.connections>
      <GXML:ConnectionSet_GXConnection edge="S.7" isSource="false" port="S.12" xmi.id="S.11"/>
      <GXML:ConnectionSet_GXConnection edge="S.3" isSource="true" port="S.14" xmi.id="S.13"/>
      <GXML:ConnectionSet_GXConnection edge="S.9" isSource="false" port="S.16" xmi.id="S.15"/>
      <GXML:ConnectionSet_GXConnection edge="S.7" isSource="true" port="S.16" xmi.id="S.17"/>
      <GXML:ConnectionSet_GXConnection edge="S.8" isSource="true" port="S.19" xmi.id="S.18"/>
      <GXML:ConnectionSet_GXConnection edge="S.10" isSource="true" port="S.21" xmi.id="S.20"/>
      <GXML:ConnectionSet_GXConnection edge="S.5" isSource="false" port="S.23" xmi.id="S.22"/>
      <GXML:ConnectionSet_GXConnection edge="S.6" isSource="false" port="S.19" xmi.id="S.24"/>
      <GXML:ConnectionSet_GXConnection edge="S.5" isSource="true" port="S.26" xmi.id="S.25"/>
      <GXML:ConnectionSet_GXConnection edge="S.3" isSource="false" port="S.23" xmi.id="S.27"/>
      <GXML:ConnectionSet_GXConnection edge="S.8" isSource="false" port="S.26" xmi.id="S.28"/>
      <GXML:ConnectionSet_GXConnection edge="S.9" isSource="true" port="S.30" xmi.id="S.29"/>
      <GXML:ConnectionSet_GXConnection edge="S.6" isSource="true" port="S.32" xmi.id="S.31"/>
      <GXML:ConnectionSet_GXConnection edge="S.4" isSource="false" port="S.23" xmi.id="S.33"/>
      <GXML:ConnectionSet_GXConnection edge="S.10" isSource="false" port="S.23" xmi.id="S.34"/>
      <GXML:ConnectionSet_GXConnection edge="S.4" isSource="true" port="S.32" xmi.id="S.35"/>
     </GXML:ConnectionSet.connections>
    </GXML:ConnectionSet>
   </GXML:ClassDiagram.connectionSet>
   <GXML:ClassDiagram.globalFilter>
    <GXML:ClassFilter xmi.id="S.36">
     <GXML:ClassFilter.map>
      <GXML:HashtableStrings keys="a_pac m_pub m_pro m_pri msignature a_pri stereotype a_pub a_pro m_pac" values="true true true true true true true true true true" xmi.id="S.37"/>
     </GXML:ClassFilter.map>
    </GXML:ClassFilter>
   </GXML:ClassDiagram.globalFilter>
   <GXML:ClassDiagram.owner>
    <UML:Model href="../F1TeamModel.xml|S.1" xml:link="simple" xmlns:UML="http://lci/xml"/>
   </GXML:ClassDiagram.owner>
   <GXML:ClassDiagram.flat>
    <GXML:DefaultGraphCell allowsChildren="true" userObjectString="+team" xmi.id="S.38">
     <GXML:DefaultGraphCell.attributes>
      <GXML:HashtableStrings keys="value" values="+team" xmi.id="S.39"/>
     </GXML:DefaultGraphCell.attributes>
    </GXML:DefaultGraphCell>
    <GXML:ClassCell allowsChildren="true" children="S.14" hasAutoR="false" isFiltered="false" isInterface="false" showPackage="false" xmi.id="S.40">
     <GXML:ClassCell.property>
      <GXML:ClassGProperty bodyfontSize="11" fillColor="java.awt.Color[r=255,g=255,b=255]" outlineColor="java.awt.Color[r=0,g=0,b=0]" outlineWidth="1" selectionColor="java.awt.Color[r=255,g=0,b=0]" titlefontSize="12" xmi.id="S.41"/>
     </GXML:ClassCell.property>
     <GXML:ClassCell.filter>
      <GXML:ClassFilter xmi.id="S.42">
       <GXML:ClassFilter.map>
        <GXML:HashtableStrings keys="a_pac m_pub m_pro m_pri msignature a_pri stereotype a_pub a_pro m_pac" values="true true true true true true true true true true" xmi.id="S.43"/>
       </GXML:ClassFilter.map>
      </GXML:ClassFilter>
     </GXML:ClassCell.filter>
     <GXML:DefaultGraphCell.attributes>
      <GXML:HashtableStrings xmi.id="S.44">
       <GXML:HashtableStrings.value>
        <UML:Class href="../F1TeamModel.xml|S.216" xml:link="simple" xmlns:UML="http://lci/xml"/>
       </GXML:HashtableStrings.value>
      </GXML:HashtableStrings>
     </GXML:DefaultGraphCell.attributes>
     <GXML:DefaultMutableTreeNode.userObject>
      <UML:Class href="../F1TeamModel.xml|S.216" xml:link="simple" xmlns:UML="http://lci/xml"/>
     </GXML:DefaultMutableTreeNode.userObject>
    </GXML:ClassCell>
    <GXML:SpecialPort allowsChildren="false" parent="S.46" xmi.id="S.32">
     <GXML:DefaultGraphCell.attributes>
      <GXML:HashtableStrings xmi.id="S.45"/>
     </GXML:DefaultGraphCell.attributes>
    </GXML:SpecialPort>
    <GXML:DefaultGraphCell allowsChildren="true" userObjectString="1" xmi.id="S.47">
     <GXML:DefaultGraphCell.attributes>
      <GXML:HashtableStrings keys="value" values="1" xmi.id="S.48"/>
     </GXML:DefaultGraphCell.attributes>
    </GXML:DefaultGraphCell>
    <GXML:ClassCell allowsChildren="true" children="S.23" hasAutoR="false" isFiltered="false" isInterface="false" showPackage="false" xmi.id="S.49">
     <GXML:ClassCell.property>
      <GXML:ClassGProperty bodyfontSize="11" fillColor="java.awt.Color[r=255,g=255,b=255]" outlineColor="java.awt.Color[r=0,g=0,b=0]" outlineWidth="1" selectionColor="java.awt.Color[r=255,g=0,b=0]" titlefontSize="12" xmi.id="S.50"/>
     </GXML:ClassCell.property>
     <GXML:ClassCell.filter>
      <GXML:ClassFilter xmi.id="S.51">
       <GXML:ClassFilter.map>
        <GXML:HashtableStrings keys="a_pac m_pub m_pro m_pri msignature a_pri stereotype a_pub a_pro m_pac" values="true true true true true true true true true true" xmi.id="S.52"/>
       </GXML:ClassFilter.map>
      </GXML:ClassFilter>
     </GXML:ClassCell.filter>
     <GXML:DefaultGraphCell.attributes>
      <GXML:HashtableStrings xmi.id="S.53">
       <GXML:HashtableStrings.value>
        <UML:Class href="../F1TeamModel.xml|S.137" xml:link="simple" xmlns:UML="http://lci/xml"/>
       </GXML:HashtableStrings.value>
      </GXML:HashtableStrings>
     </GXML:DefaultGraphCell.attributes>
     <GXML:DefaultMutableTreeNode.userObject>
      <UML:Class href="../F1TeamModel.xml|S.137" xml:link="simple" xmlns:UML="http://lci/xml"/>
     </GXML:DefaultMutableTreeNode.userObject>
    </GXML:ClassCell>
    <GXML:DefaultGraphCell allowsChildren="true" userObjectString="1" xmi.id="S.54">
     <GXML:DefaultGraphCell.attributes>
      <GXML:HashtableStrings keys="value" values="1" xmi.id="S.55"/>
     </GXML:DefaultGraphCell.attributes>
    </GXML:DefaultGraphCell>
    <GXML:DefaultGraphCell allowsChildren="true" userObjectString="2" xmi.id="S.56">
     <GXML:DefaultGraphCell.attributes>
      <GXML:HashtableStrings keys="value" values="2" xmi.id="S.57"/>
     </GXML:DefaultGraphCell.attributes>
    </GXML:DefaultGraphCell>
    <GXML:ClassCell allowsChildren="true" children="S.30" hasAutoR="false" isFiltered="false" isInterface="false" showPackage="false" xmi.id="S.58">
     <GXML:ClassCell.property>
      <GXML:ClassGProperty bodyfontSize="11" fillColor="java.awt.Color[r=255,g=255,b=255]" outlineColor="java.awt.Color[r=0,g=0,b=0]" outlineWidth="1" selectionColor="java.awt.Color[r=255,g=0,b=0]" titlefontSize="12" xmi.id="S.59"/>
     </GXML:ClassCell.property>
     <GXML:ClassCell.filter>
      <GXML:ClassFilter xmi.id="S.60">
       <GXML:ClassFilter.map>
        <GXML:HashtableStrings keys="a_pac m_pub m_pro m_pri msignature a_pri stereotype a_pub a_pro m_pac" values="true true true true true true true true true true" xmi.id="S.61"/>
       </GXML:ClassFilter.map>
      </GXML:ClassFilter>
     </GXML:ClassCell.filter>
     <GXML:DefaultGraphCell.attributes>
      <GXML:HashtableStrings xmi.id="S.62">
       <GXML:HashtableStrings.value>
        <UML:Class href="../F1TeamModel.xml|S.196" xml:link="simple" xmlns:UML="http://lci/xml"/>
       </GXML:HashtableStrings.value>
      </GXML:HashtableStrings>
     </GXML:DefaultGraphCell.attributes>
     <GXML:DefaultMutableTreeNode.userObject>
      <UML:Class href="../F1TeamModel.xml|S.196" xml:link="simple" xmlns:UML="http://lci/xml"/>
     </GXML:DefaultMutableTreeNode.userObject>
    </GXML:ClassCell>
    <GXML:SpecialPort allowsChildren="false" parent="S.64" xmi.id="S.26">
     <GXML:DefaultGraphCell.attributes>
      <GXML:HashtableStrings xmi.id="S.63"/>
     </GXML:DefaultGraphCell.attributes>
    </GXML:SpecialPort>
    <GXML:ClassCell allowsChildren="true" children="S.32" hasAutoR="false" isFiltered="false" isInterface="false" showPackage="false" xmi.id="S.46">
     <GXML:ClassCell.property>
      <GXML:ClassGProperty bodyfontSize="11" fillColor="java.awt.Color[r=255,g=255,b=255]" outlineColor="java.awt.Color[r=0,g=0,b=0]" outlineWidth="1" selectionColor="java.awt.Color[r=255,g=0,b=0]" titlefontSize="12" xmi.id="S.65"/>
     </GXML:ClassCell.property>
     <GXML:ClassCell.filter>
      <GXML:ClassFilter xmi.id="S.66">
       <GXML:ClassFilter.map>
        <GXML:HashtableStrings keys="a_pac m_pub m_pro m_pri msignature a_pri stereotype a_pub a_pro m_pac" values="true true true true true true true true true true" xmi.id="S.67"/>
       </GXML:ClassFilter.map>
      </GXML:ClassFilter>
     </GXML:ClassCell.filter>
     <GXML:DefaultGraphCell.attributes>
      <GXML:HashtableStrings xmi.id="S.68">
       <GXML:HashtableStrings.value>
        <UML:Class href="../F1TeamModel.xml|S.218" xml:link="simple" xmlns:UML="http://lci/xml"/>
       </GXML:HashtableStrings.value>
      </GXML:HashtableStrings>
     </GXML:DefaultGraphCell.attributes>
     <GXML:DefaultMutableTreeNode.userObject>
      <UML:Class href="../F1TeamModel.xml|S.218" xml:link="simple" xmlns:UML="http://lci/xml"/>
     </GXML:DefaultMutableTreeNode.userObject>
    </GXML:ClassCell>
    <GXML:SpecialPort allowsChildren="false" parent="S.9" xmi.id="S.69">
     <GXML:DefaultGraphCell.attributes>
      <GXML:HashtableStrings xmi.id="S.70"/>
     </GXML:DefaultGraphCell.attributes>
    </GXML:SpecialPort>
    <GXML:DefaultGraphCell allowsChildren="true" userObjectString="+driver" xmi.id="S.71">
     <GXML:DefaultGraphCell.attributes>
      <GXML:HashtableStrings keys="value" values="+driver" xmi.id="S.72"/>
     </GXML:DefaultGraphCell.attributes>
    </GXML:DefaultGraphCell>
    <GXML:ClassCell allowsChildren="true" children="S.19" hasAutoR="false" isFiltered="false" isInterface="false" showPackage="false" xmi.id="S.73">
     <GXML:ClassCell.property>
      <GXML:ClassGProperty bodyfontSize="11" fillColor="java.awt.Color[r=255,g=255,b=255]" outlineColor="java.awt.Color[r=0,g=0,b=0]" outlineWidth="1" selectionColor="java.awt.Color[r=255,g=0,b=0]" titlefontSize="12" xmi.id="S.74"/>
     </GXML:ClassCell.property>
     <GXML:ClassCell.filter>
      <GXML:ClassFilter xmi.id="S.75">
       <GXML:ClassFilter.map>
        <GXML:HashtableStrings keys="a_pac m_pub m_pro m_pri msignature a_pri stereotype a_pub a_pro m_pac" values="true true true true true true true true true true" xmi.id="S.76"/>
       </GXML:ClassFilter.map>
      </GXML:ClassFilter>
     </GXML:ClassCell.filter>
     <GXML:DefaultGraphCell.attributes>
      <GXML:HashtableStrings xmi.id="S.77">
       <GXML:HashtableStrings.value>
        <UML:Class href="../F1TeamModel.xml|S.164" xml:link="simple" xmlns:UML="http://lci/xml"/>
       </GXML:HashtableStrings.value>
      </GXML:HashtableStrings>
     </GXML:DefaultGraphCell.attributes>
     <GXML:DefaultMutableTreeNode.userObject>
      <UML:Class href="../F1TeamModel.xml|S.164" xml:link="simple" xmlns:UML="http://lci/xml"/>
     </GXML:DefaultMutableTreeNode.userObject>
    </GXML:ClassCell>
    <GXML:DefaultGraphCell allowsChildren="true" userObjectString="+team" xmi.id="S.78">
     <GXML:DefaultGraphCell.attributes>
      <GXML:HashtableStrings keys="value" values="+team" xmi.id="S.79"/>
     </GXML:DefaultGraphCell.attributes>
    </GXML:DefaultGraphCell>
    <GXML:DefaultGraphCell allowsChildren="true" userObjectString="+contract" xmi.id="S.80">
     <GXML:DefaultGraphCell.attributes>
      <GXML:HashtableStrings keys="value" values="+contract" xmi.id="S.81"/>
     </GXML:DefaultGraphCell.attributes>
    </GXML:DefaultGraphCell>
    <GXML:DefaultGraphCell allowsChildren="true" userObjectString="1" xmi.id="S.82">
     <GXML:DefaultGraphCell.attributes>
      <GXML:HashtableStrings keys="value" values="1" xmi.id="S.83"/>
     </GXML:DefaultGraphCell.attributes>
    </GXML:DefaultGraphCell>
    <GXML:SpecialPort allowsChildren="false" parent="S.58" xmi.id="S.30">
     <GXML:DefaultGraphCell.attributes>
      <GXML:HashtableStrings xmi.id="S.84"/>
     </GXML:DefaultGraphCell.attributes>
    </GXML:SpecialPort>
    <GXML:SpecialPort allowsChildren="false" parent="S.73" xmi.id="S.19">
     <GXML:DefaultGraphCell.attributes>
      <GXML:HashtableStrings xmi.id="S.85"/>
     </GXML:DefaultGraphCell.attributes>
    </GXML:SpecialPort>
    <GXML:SpecialPort allowsChildren="false" parent="S.7" xmi.id="S.86">
     <GXML:DefaultGraphCell.attributes>
      <GXML:HashtableStrings xmi.id="S.87"/>
     </GXML:DefaultGraphCell.attributes>
    </GXML:SpecialPort>
    <GXML:DefaultGraphCell allowsChildren="true" userObjectString="2" xmi.id="S.88">
     <GXML:DefaultGraphCell.attributes>
      <GXML:HashtableStrings keys="value" values="2" xmi.id="S.89"/>
     </GXML:DefaultGraphCell.attributes>
    </GXML:DefaultGraphCell>
    <GXML:SpecialPort allowsChildren="false" parent="S.40" xmi.id="S.14">
     <GXML:DefaultGraphCell.attributes>
      <GXML:HashtableStrings xmi.id="S.90"/>
     </GXML:DefaultGraphCell.attributes>
    </GXML:SpecialPort>
    <GXML:DefaultGraphCell allowsChildren="true" userObjectString="1" xmi.id="S.91">
     <GXML:DefaultGraphCell.attributes>
      <GXML:HashtableStrings keys="value" values="1" xmi.id="S.92"/>
     </GXML:DefaultGraphCell.attributes>
    </GXML:DefaultGraphCell>
    <GXML:DefaultGraphCell allowsChildren="true" userObjectString="+date" xmi.id="S.93">
     <GXML:DefaultGraphCell.attributes>
      <GXML:HashtableStrings keys="value" values="+date" xmi.id="S.94"/>
     </GXML:DefaultGraphCell.attributes>
    </GXML:DefaultGraphCell>
    <GXML:DefaultGraphCell allowsChildren="true" userObjectString="1..*" xmi.id="S.95">
     <GXML:DefaultGraphCell.attributes>
      <GXML:HashtableStrings keys="value" values="1..*" xmi.id="S.96"/>
     </GXML:DefaultGraphCell.attributes>
    </GXML:DefaultGraphCell>
    <GXML:DefaultGraphCell allowsChildren="true" userObjectString="1" xmi.id="S.97">
     <GXML:DefaultGraphCell.attributes>
      <GXML:HashtableStrings keys="value" values="1" xmi.id="S.98"/>
     </GXML:DefaultGraphCell.attributes>
    </GXML:DefaultGraphCell>
    <GXML:DefaultGraphCell allowsChildren="true" userObjectString="+team" xmi.id="S.99">
     <GXML:DefaultGraphCell.attributes>
      <GXML:HashtableStrings keys="value" values="+team" xmi.id="S.100"/>
     </GXML:DefaultGraphCell.attributes>
    </GXML:DefaultGraphCell>
    <GXML:SpecialPort allowsChildren="false" parent="S.4" xmi.id="S.101">
     <GXML:DefaultGraphCell.attributes>
      <GXML:HashtableStrings xmi.id="S.102"/>
     </GXML:DefaultGraphCell.attributes>
    </GXML:SpecialPort>
    <GXML:SpecialEdge allowsChildren="true" children="S.105" isRouted="false" labels="S.88 S.103 S.47 S.99" source="S.14" target="S.23" xmi.id="S.3">
     <GXML:DefaultGraphCell.attributes>
      <GXML:HashtableStrings keys="lineBegin endsize editable linewidth lineEnd beginSize" values="0 18 false 1.0 0 18" xmi.id="S.104">
       <GXML:HashtableStrings.value>
        <UML:Association href="../F1TeamModel.xml|S.328" xml:link="simple" xmlns:UML="http://lci/xml"/>
       </GXML:HashtableStrings.value>
      </GXML:HashtableStrings>
     </GXML:DefaultGraphCell.attributes>
     <GXML:DefaultMutableTreeNode.userObject>
      <UML:Association href="../F1TeamModel.xml|S.328" xml:link="simple" xmlns:UML="http://lci/xml"/>
     </GXML:DefaultMutableTreeNode.userObject>
    </GXML:SpecialEdge>
    <GXML:ClassCell allowsChildren="true" children="S.21" hasAutoR="false" isFiltered="false" isInterface="false" showPackage="false" xmi.id="S.106">
     <GXML:ClassCell.property>
      <GXML:ClassGProperty bodyfontSize="11" fillColor="java.awt.Color[r=255,g=255,b=255]" outlineColor="java.awt.Color[r=0,g=0,b=0]" outlineWidth="1" selectionColor="java.awt.Color[r=255,g=0,b=0]" titlefontSize="12" xmi.id="S.107"/>
     </GXML:ClassCell.property>
     <GXML:ClassCell.filter>
      <GXML:ClassFilter xmi.id="S.108">
       <GXML:ClassFilter.map>
        <GXML:HashtableStrings keys="a_pac m_pub m_pro m_pri msignature a_pri stereotype a_pub a_pro m_pac" values="true true true true true true true true true true" xmi.id="S.109"/>
       </GXML:ClassFilter.map>
      </GXML:ClassFilter>
     </GXML:ClassCell.filter>
     <GXML:DefaultGraphCell.attributes>
      <GXML:HashtableStrings xmi.id="S.110">
       <GXML:HashtableStrings.value>
        <UML:Class href="../F1TeamModel.xml|S.242" xml:link="simple" xmlns:UML="http://lci/xml"/>
       </GXML:HashtableStrings.value>
      </GXML:HashtableStrings>
     </GXML:DefaultGraphCell.attributes>
     <GXML:DefaultMutableTreeNode.userObject>
      <UML:Class href="../F1TeamModel.xml|S.242" xml:link="simple" xmlns:UML="http://lci/xml"/>
     </GXML:DefaultMutableTreeNode.userObject>
    </GXML:ClassCell>
    <GXML:ClassCell allowsChildren="true" children="S.26" hasAutoR="false" isFiltered="false" isInterface="false" showPackage="false" xmi.id="S.64">
     <GXML:ClassCell.property>
      <GXML:ClassGProperty bodyfontSize="11" fillColor="java.awt.Color[r=255,g=255,b=255]" outlineColor="java.awt.Color[r=0,g=0,b=0]" outlineWidth="1" selectionColor="java.awt.Color[r=255,g=0,b=0]" titlefontSize="12" xmi.id="S.111"/>
     </GXML:ClassCell.property>
     <GXML:ClassCell.filter>
      <GXML:ClassFilter xmi.id="S.112">
       <GXML:ClassFilter.map>
        <GXML:HashtableStrings keys="a_pac m_pub m_pro m_pri msignature a_pri stereotype a_pub a_pro m_pac" values="true true true true true true true true true true" xmi.id="S.113"/>
       </GXML:ClassFilter.map>
      </GXML:ClassFilter>
     </GXML:ClassCell.filter>
     <GXML:DefaultGraphCell.attributes>
      <GXML:HashtableStrings keys="moveable" values="true" xmi.id="S.114">
       <GXML:HashtableStrings.value>
        <UML:Class href="../F1TeamModel.xml|S.163" xml:link="simple" xmlns:UML="http://lci/xml"/>
       </GXML:HashtableStrings.value>
      </GXML:HashtableStrings>
     </GXML:DefaultGraphCell.attributes>
     <GXML:DefaultMutableTreeNode.userObject>
      <UML:Class href="../F1TeamModel.xml|S.163" xml:link="simple" xmlns:UML="http://lci/xml"/>
     </GXML:DefaultMutableTreeNode.userObject>
    </GXML:ClassCell>
    <GXML:DefaultGraphCell allowsChildren="true" userObjectString="1" xmi.id="S.115">
     <GXML:DefaultGraphCell.attributes>
      <GXML:HashtableStrings keys="value" values="1" xmi.id="S.116"/>
     </GXML:DefaultGraphCell.attributes>
    </GXML:DefaultGraphCell>
    <GXML:SpecialPort allowsChildren="false" parent="S.49" xmi.id="S.23">
     <GXML:DefaultGraphCell.attributes>
      <GXML:HashtableStrings xmi.id="S.117"/>
     </GXML:DefaultGraphCell.attributes>
    </GXML:SpecialPort>
    <GXML:SpecialPort allowsChildren="false" parent="S.106" xmi.id="S.21">
     <GXML:DefaultGraphCell.attributes>
      <GXML:HashtableStrings xmi.id="S.118"/>
     </GXML:DefaultGraphCell.attributes>
    </GXML:SpecialPort>
    <GXML:ClassCell allowsChildren="true" children="S.16" hasAutoR="false" isFiltered="false" isInterface="false" showPackage="false" xmi.id="S.119">
     <GXML:ClassCell.property>
      <GXML:ClassGProperty bodyfontSize="11" fillColor="java.awt.Color[r=255,g=255,b=255]" outlineColor="java.awt.Color[r=0,g=0,b=0]" outlineWidth="1" selectionColor="java.awt.Color[r=255,g=0,b=0]" titlefontSize="12" xmi.id="S.120"/>
     </GXML:ClassCell.property>
     <GXML:ClassCell.filter>
      <GXML:ClassFilter xmi.id="S.121">
       <GXML:ClassFilter.map>
        <GXML:HashtableStrings keys="a_pac m_pub m_pro m_pri msignature a_pri stereotype a_pub a_pro m_pac" values="true true true true true true true true true true" xmi.id="S.122"/>
       </GXML:ClassFilter.map>
      </GXML:ClassFilter>
     </GXML:ClassCell.filter>
     <GXML:DefaultGraphCell.attributes>
      <GXML:HashtableStrings xmi.id="S.123">
       <GXML:HashtableStrings.value>
        <UML:AssociationClass href="../F1TeamModel.xml|S.161" xml:link="simple" xmlns:UML="http://lci/xml"/>
       </GXML:HashtableStrings.value>
      </GXML:HashtableStrings>
     </GXML:DefaultGraphCell.attributes>
     <GXML:DefaultMutableTreeNode.userObject>
      <UML:AssociationClass href="../F1TeamModel.xml|S.161" xml:link="simple" xmlns:UML="http://lci/xml"/>
     </GXML:DefaultMutableTreeNode.userObject>
    </GXML:ClassCell>
    <GXML:SpecialPort allowsChildren="false" parent="S.3" xmi.id="S.105">
     <GXML:DefaultGraphCell.attributes>
      <GXML:HashtableStrings xmi.id="S.124"/>
     </GXML:DefaultGraphCell.attributes>
    </GXML:SpecialPort>
    <GXML:SpecialPort allowsChildren="false" parent="S.119" xmi.id="S.16">
     <GXML:DefaultGraphCell.attributes>
      <GXML:HashtableStrings xmi.id="S.125"/>
     </GXML:DefaultGraphCell.attributes>
    </GXML:SpecialPort>
    <GXML:SpecialPort allowsChildren="false" parent="S.8" xmi.id="S.126">
     <GXML:DefaultGraphCell.attributes>
      <GXML:HashtableStrings xmi.id="S.127"/>
     </GXML:DefaultGraphCell.attributes>
    </GXML:SpecialPort>
    <GXML:DefaultGraphCell allowsChildren="true" userObjectString="+engineer" xmi.id="S.128">
     <GXML:DefaultGraphCell.attributes>
      <GXML:HashtableStrings keys="value" values="+engineer" xmi.id="S.129"/>
     </GXML:DefaultGraphCell.attributes>
    </GXML:DefaultGraphCell>
    <GXML:SpecialPort allowsChildren="false" parent="S.10" xmi.id="S.130">
     <GXML:DefaultGraphCell.attributes>
      <GXML:HashtableStrings xmi.id="S.131"/>
     </GXML:DefaultGraphCell.attributes>
    </GXML:SpecialPort>
    <GXML:SpecialPort allowsChildren="false" parent="S.5" xmi.id="S.12">
     <GXML:DefaultGraphCell.attributes>
      <GXML:HashtableStrings xmi.id="S.132"/>
     </GXML:DefaultGraphCell.attributes>
    </GXML:SpecialPort>
    <GXML:DefaultGraphCell allowsChildren="true" userObjectString="+car" xmi.id="S.103">
     <GXML:DefaultGraphCell.attributes>
      <GXML:HashtableStrings keys="value" values="+car" xmi.id="S.133"/>
     </GXML:DefaultGraphCell.attributes>
    </GXML:DefaultGraphCell>
    <GXML:DefaultGraphCell allowsChildren="true" userObjectString="+team" xmi.id="S.134">
     <GXML:DefaultGraphCell.attributes>
      <GXML:HashtableStrings keys="value" values="+team" xmi.id="S.135"/>
     </GXML:DefaultGraphCell.attributes>
    </GXML:DefaultGraphCell>
    <GXML:DefaultGraphCell allowsChildren="true" userObjectString="+engineSupplier" xmi.id="S.136">
     <GXML:DefaultGraphCell.attributes>
      <GXML:HashtableStrings keys="value" values="+engineSupplier" xmi.id="S.137"/>
     </GXML:DefaultGraphCell.attributes>
    </GXML:DefaultGraphCell>
    <GXML:SpecialPort allowsChildren="false" parent="S.6" xmi.id="S.138">
     <GXML:DefaultGraphCell.attributes>
      <GXML:HashtableStrings xmi.id="S.139"/>
     </GXML:DefaultGraphCell.attributes>
    </GXML:SpecialPort>
    <GXML:DefaultGraphCell allowsChildren="true" userObjectString="1..*" xmi.id="S.140">
     <GXML:DefaultGraphCell.attributes>
      <GXML:HashtableStrings keys="value" values="1..*" xmi.id="S.141"/>
     </GXML:DefaultGraphCell.attributes>
    </GXML:DefaultGraphCell>
    <GXML:SpecialEdge allowsChildren="true" children="S.69" isRouted="false" labels="S.82 S.93 S.91 S.80" source="S.30" target="S.16" xmi.id="S.9">
     <GXML:DefaultGraphCell.attributes>
      <GXML:HashtableStrings keys="lineBegin endsize endFill editable linewidth lineEnd beginSize" values="0 18 true false 1.0 9 18" xmi.id="S.142">
       <GXML:HashtableStrings.value>
        <UML:Association href="../F1TeamModel.xml|S.375" xml:link="simple" xmlns:UML="http://lci/xml"/>
       </GXML:HashtableStrings.value>
      </GXML:HashtableStrings>
     </GXML:DefaultGraphCell.attributes>
     <GXML:DefaultMutableTreeNode.userObject>
      <UML:Association href="../F1TeamModel.xml|S.375" xml:link="simple" xmlns:UML="http://lci/xml"/>
     </GXML:DefaultMutableTreeNode.userObject>
    </GXML:SpecialEdge>
    <GXML:SpecialEdge allowsChildren="true" children="S.126" isRouted="false" source="S.19" target="S.26" xmi.id="S.8">
     <GXML:DefaultGraphCell.attributes>
      <GXML:HashtableStrings keys="lineBegin endsize editable linewidth beginSize" values="2 18 false 1.0 18" xmi.id="S.143">
       <GXML:HashtableStrings.value>
        <UML:Generalization href="../F1TeamModel.xml|S.199" xml:link="simple" xmlns:UML="http://lci/xml"/>
       </GXML:HashtableStrings.value>
      </GXML:HashtableStrings>
     </GXML:DefaultGraphCell.attributes>
     <GXML:DefaultMutableTreeNode.userObject>
      <UML:Generalization href="../F1TeamModel.xml|S.199" xml:link="simple" xmlns:UML="http://lci/xml"/>
     </GXML:DefaultMutableTreeNode.userObject>
    </GXML:SpecialEdge>
    <GXML:SpecialEdge allowsChildren="true" children="S.12" isRouted="false" labels="S.56 S.71 S.97 S.78" source="S.26" target="S.23" xmi.id="S.5">
     <GXML:DefaultGraphCell.attributes>
      <GXML:HashtableStrings keys="lineBegin endsize editable linewidth lineEnd beginSize" values="0 18 false 1.0 0 18" xmi.id="S.144">
       <GXML:HashtableStrings.value>
        <UML:AssociationClass href="../F1TeamModel.xml|S.161" xml:link="simple" xmlns:UML="http://lci/xml"/>
       </GXML:HashtableStrings.value>
      </GXML:HashtableStrings>
     </GXML:DefaultGraphCell.attributes>
     <GXML:DefaultMutableTreeNode.userObject>
      <UML:AssociationClass href="../F1TeamModel.xml|S.161" xml:link="simple" xmlns:UML="http://lci/xml"/>
     </GXML:DefaultMutableTreeNode.userObject>
    </GXML:SpecialEdge>
    <GXML:SpecialEdge allowsChildren="true" children="S.101" isRouted="false" labels="S.140 S.128 S.115 S.134" source="S.32" target="S.23" xmi.id="S.4">
     <GXML:DefaultGraphCell.attributes>
      <GXML:HashtableStrings keys="lineBegin endsize editable linewidth lineEnd beginSize" values="0 18 false 1.0 0 18" xmi.id="S.145">
       <GXML:HashtableStrings.value>
        <UML:Association href="../F1TeamModel.xml|S.318" xml:link="simple" xmlns:UML="http://lci/xml"/>
       </GXML:HashtableStrings.value>
      </GXML:HashtableStrings>
     </GXML:DefaultGraphCell.attributes>
     <GXML:DefaultMutableTreeNode.userObject>
      <UML:Association href="../F1TeamModel.xml|S.318" xml:link="simple" xmlns:UML="http://lci/xml"/>
     </GXML:DefaultMutableTreeNode.userObject>
    </GXML:SpecialEdge>
    <GXML:SpecialEdge allowsChildren="true" children="S.138" isRouted="false" source="S.32" target="S.19" xmi.id="S.6">
     <GXML:DefaultGraphCell.attributes>
      <GXML:HashtableStrings keys="endsize editable linewidth lineEnd beginSize" values="18 false 1.0 2 18" xmi.id="S.146">
       <GXML:HashtableStrings.value>
        <UML:Generalization href="../F1TeamModel.xml|S.200" xml:link="simple" xmlns:UML="http://lci/xml"/>
       </GXML:HashtableStrings.value>
      </GXML:HashtableStrings>
     </GXML:DefaultGraphCell.attributes>
     <GXML:DefaultMutableTreeNode.userObject>
      <UML:Generalization href="../F1TeamModel.xml|S.200" xml:link="simple" xmlns:UML="http://lci/xml"/>
     </GXML:DefaultMutableTreeNode.userObject>
    </GXML:SpecialEdge>
    <GXML:SpecialEdge allowsChildren="true" children="S.86" isRouted="false" source="S.16" target="S.12" xmi.id="S.7">
     <GXML:DefaultGraphCell.attributes>
      <GXML:HashtableStrings keys="endsize dashPattern editable linewidth beginSize" values="18 [3.0,0.0,3.0] false 1.0 18" xmi.id="S.147">
       <GXML:HashtableStrings.value>
        <UML:AssociationClass href="../F1TeamModel.xml|S.161" xml:link="simple" xmlns:UML="http://lci/xml"/>
       </GXML:HashtableStrings.value>
      </GXML:HashtableStrings>
     </GXML:DefaultGraphCell.attributes>
     <GXML:DefaultMutableTreeNode.userObject>
      <UML:AssociationClass href="../F1TeamModel.xml|S.161" xml:link="simple" xmlns:UML="http://lci/xml"/>
     </GXML:DefaultMutableTreeNode.userObject>
    </GXML:SpecialEdge>
    <GXML:SpecialEdge allowsChildren="true" children="S.130" isRouted="false" labels="S.54 S.136 S.95 S.38" source="S.21" target="S.23" xmi.id="S.10">
     <GXML:DefaultGraphCell.attributes>
      <GXML:HashtableStrings keys="lineBegin endsize editable linewidth lineEnd beginSize" values="0 18 false 1.0 0 18" xmi.id="S.148">
       <GXML:HashtableStrings.value>
        <UML:Association href="../F1TeamModel.xml|S.338" xml:link="simple" xmlns:UML="http://lci/xml"/>
       </GXML:HashtableStrings.value>
      </GXML:HashtableStrings>
     </GXML:DefaultGraphCell.attributes>
     <GXML:DefaultMutableTreeNode.userObject>
      <UML:Association href="../F1TeamModel.xml|S.338" xml:link="simple" xmlns:UML="http://lci/xml"/>
     </GXML:DefaultMutableTreeNode.userObject>
    </GXML:SpecialEdge>
   </GXML:ClassDiagram.flat>
   <GXML:ClassDiagram.cells>
    <GXML:SpecialEdge xmi.idref="S.4"/>
    <GXML:ClassCell xmi.idref="S.46"/>
    <GXML:ClassCell xmi.idref="S.49"/>
    <GXML:DefaultGraphCell xmi.idref="S.140"/>
    <GXML:DefaultGraphCell xmi.idref="S.128"/>
    <GXML:DefaultGraphCell xmi.idref="S.115"/>
    <GXML:DefaultGraphCell xmi.idref="S.134"/>
    <GXML:ClassCell xmi.idref="S.40"/>
    <GXML:ClassCell xmi.idref="S.106"/>
    <GXML:ClassCell xmi.idref="S.58"/>
    <GXML:DefaultGraphCell xmi.idref="S.88"/>
    <GXML:DefaultGraphCell xmi.idref="S.103"/>
    <GXML:SpecialEdge xmi.idref="S.3"/>
    <GXML:DefaultGraphCell xmi.idref="S.47"/>
    <GXML:DefaultGraphCell xmi.idref="S.99"/>
    <GXML:DefaultGraphCell xmi.idref="S.82"/>
    <GXML:DefaultGraphCell xmi.idref="S.93"/>
    <GXML:DefaultGraphCell xmi.idref="S.91"/>
    <GXML:DefaultGraphCell xmi.idref="S.80"/>
    <GXML:SpecialEdge xmi.idref="S.9"/>
    <GXML:SpecialEdge xmi.idref="S.7"/>
    <GXML:SpecialEdge xmi.idref="S.8"/>
    <GXML:DefaultGraphCell xmi.idref="S.54"/>
    <GXML:DefaultGraphCell xmi.idref="S.136"/>
    <GXML:DefaultGraphCell xmi.idref="S.95"/>
    <GXML:DefaultGraphCell xmi.idref="S.38"/>
    <GXML:SpecialEdge xmi.idref="S.10"/>
    <GXML:ClassCell xmi.idref="S.73"/>
    <GXML:SpecialEdge xmi.idref="S.6"/>
    <GXML:ClassCell xmi.idref="S.64"/>
    <GXML:SpecialEdge xmi.idref="S.5"/>
    <GXML:DefaultGraphCell xmi.idref="S.56"/>
    <GXML:DefaultGraphCell xmi.idref="S.71"/>
    <GXML:DefaultGraphCell xmi.idref="S.97"/>
    <GXML:DefaultGraphCell xmi.idref="S.78"/>
    <GXML:ClassCell xmi.idref="S.119"/>
   </GXML:ClassDiagram.cells>
   <GXML:ClassDiagram.classViews>
    <GXML:ClassCell xmi.idref="S.49"/>
    <GXML:ClassCell xmi.idref="S.64"/>
    <GXML:ClassCell xmi.idref="S.119"/>
    <GXML:ClassCell xmi.idref="S.73"/>
    <GXML:ClassCell xmi.idref="S.46"/>
    <GXML:ClassCell xmi.idref="S.106"/>
    <GXML:ClassCell xmi.idref="S.40"/>
    <GXML:ClassCell xmi.idref="S.58"/>
   </GXML:ClassDiagram.classViews>
   <GXML:ClassDiagram.relationViews>
    <GXML:SpecialEdge xmi.idref="S.5"/>
    <GXML:SpecialEdge xmi.idref="S.5"/>
    <GXML:SpecialEdge xmi.idref="S.8"/>
    <GXML:SpecialEdge xmi.idref="S.4"/>
    <GXML:SpecialEdge xmi.idref="S.6"/>
    <GXML:SpecialEdge xmi.idref="S.10"/>
    <GXML:SpecialEdge xmi.idref="S.3"/>
    <GXML:SpecialEdge xmi.idref="S.9"/>
   </GXML:ClassDiagram.relationViews>
   <GXML:ClassDiagram.viewAttributes>
    <GXML:Hashtable keys="S.49 S.80 S.64 S.130 S.99 S.23 S.105 S.46 S.71 S.7 S.12 S.38 S.106 S.103 S.10 S.126 S.88 S.91 S.47 S.26 S.69 S.16 S.93 S.140 S.136 S.97 S.19 S.9 S.134 S.119 S.138 S.3 S.58 S.21 S.6 S.54 S.8 S.14 S.30 S.4 S.32 S.95 S.78 S.86 S.56 S.73 S.128 S.115 S.101 S.5 S.82 S.40" xmi.id="S.149">
     <GXML:Hashtable.values>
      <GXML:HashtableStrings keys="bounds opaque" values="java.awt.Rectangle[x=303,y=324,width=248,height=129] true" xmi.id="S.150"/>
      <GXML:HashtableStrings keys="editable bordercolor bounds opaque" values="true java.awt.Color[r=255,g=255,b=255] java.awt.Rectangle[x=106,y=315,width=55,height=21] false" xmi.id="S.151"/>
      <GXML:HashtableStrings keys="bounds opaque" values="java.awt.Rectangle[x=308,y=79,width=235,height=91] true" xmi.id="S.152"/>
      <GXML:HashtableStrings xmi.id="S.153"/>
      <GXML:HashtableStrings keys="editable bordercolor bounds opaque" values="true java.awt.Color[r=255,g=255,b=255] java.awt.Rectangle[x=561,y=412,width=40,height=21] false" xmi.id="S.154"/>
      <GXML:HashtableStrings xmi.id="S.155"/>
      <GXML:HashtableStrings xmi.id="S.156"/>
      <GXML:HashtableStrings keys="bounds opaque" values="java.awt.Rectangle[x=691,y=201,width=200,height=110] true" xmi.id="S.157"/>
      <GXML:HashtableStrings keys="editable bordercolor bounds opaque" values="true java.awt.Color[r=255,g=255,b=255] java.awt.Rectangle[x=373,y=180,width=42,height=21] false" xmi.id="S.158"/>
      <GXML:HashtableStrings keys="dashPattern labelposition endsize beginSize editable points linewidth" values="[3.0,0.0,3.0] java.awt.Point[x=500,y=500] 18 18 false [java.awt.Point[x=172,y=260],_java.awt.Point[x=425,y=256]] 1.0" xmi.id="S.159">
       <GXML:HashtableStrings.value>
        <UML:AssociationClass href="../F1TeamModel.xml|S.161" xml:link="simple" xmlns:UML="http://lci/xml"/>
       </GXML:HashtableStrings.value>
      </GXML:HashtableStrings>
      <GXML:HashtableStrings xmi.id="S.160"/>
      <GXML:HashtableStrings keys="editable bordercolor bounds opaque" values="true java.awt.Color[r=255,g=255,b=255] java.awt.Rectangle[x=561,y=357,width=40,height=21] false" xmi.id="S.161"/>
      <GXML:HashtableStrings keys="bounds opaque" values="java.awt.Rectangle[x=958,y=345,width=195,height=91] true" xmi.id="S.162"/>
      <GXML:HashtableStrings keys="editable bordercolor bounds opaque" values="true java.awt.Color[r=255,g=255,b=255] java.awt.Rectangle[x=659,y=479,width=29,height=21] false" xmi.id="S.163"/>
      <GXML:HashtableStrings keys="labelposition endsize beginSize lineEnd lineBegin editable points linewidth" values="java.awt.Point[x=500,y=500] 18 18 0 0 false [java.awt.Point[x=1056,y=391],_java.awt.Point[x=428,y=389]] 1.0" xmi.id="S.164"/>
      <GXML:HashtableStrings xmi.id="S.165"/>
      <GXML:HashtableStrings keys="editable bordercolor bounds opaque" values="true java.awt.Color[r=255,g=255,b=255] java.awt.Rectangle[x=676,y=520,width=12,height=21] false" xmi.id="S.166"/>
      <GXML:HashtableStrings keys="editable bordercolor bounds opaque" values="true java.awt.Color[r=255,g=255,b=255] java.awt.Rectangle[x=181,y=315,width=12,height=21] false" xmi.id="S.167"/>
      <GXML:HashtableStrings keys="editable bordercolor bounds opaque" values="true java.awt.Color[r=255,g=255,b=255] java.awt.Rectangle[x=561,y=453,width=12,height=21] false" xmi.id="S.168"/>
      <GXML:HashtableStrings xmi.id="S.169"/>
      <GXML:HashtableStrings xmi.id="S.170"/>
      <GXML:HashtableStrings xmi.id="S.171"/>
      <GXML:HashtableStrings keys="editable bordercolor bounds opaque" values="true java.awt.Color[r=255,g=255,b=255] java.awt.Rectangle[x=125,y=444,width=36,height=21] false" xmi.id="S.172"/>
      <GXML:HashtableStrings keys="editable bordercolor bounds opaque" values="true java.awt.Color[r=255,g=255,b=255] java.awt.Rectangle[x=658,y=302,width=23,height=21] false" xmi.id="S.173"/>
      <GXML:HashtableStrings keys="editable bordercolor bounds opaque" values="true java.awt.Color[r=255,g=255,b=255] java.awt.Rectangle[x=852,y=359,width=96,height=21] false" xmi.id="S.174"/>
      <GXML:HashtableStrings keys="editable bordercolor bounds opaque" values="true java.awt.Color[r=255,g=255,b=255] java.awt.Rectangle[x=437,y=293,width=12,height=21] false" xmi.id="S.175"/>
      <GXML:HashtableStrings xmi.id="S.176"/>
      <GXML:HashtableStrings keys="lineBegin linewidth endsize editable lineEnd endFill points labelposition beginSize" values="0 1.0 18 false 9 true [java.awt.Point[x=172,y=521],_java.awt.Point[x=172,y=260]] java.awt.Point[x=500,y=500] 18" xmi.id="S.177"/>
      <GXML:HashtableStrings keys="editable bordercolor bounds opaque" values="true java.awt.Color[r=255,g=255,b=255] java.awt.Rectangle[x=561,y=313,width=40,height=21] false" xmi.id="S.178"/>
      <GXML:HashtableStrings keys="bounds opaque" values="java.awt.Rectangle[x=73,y=214,width=196,height=91] true" xmi.id="S.179"/>
      <GXML:HashtableStrings xmi.id="S.180"/>
      <GXML:HashtableStrings keys="labelposition endsize beginSize lineEnd lineBegin editable points linewidth" values="java.awt.Point[x=500,y=500] 18 18 0 0 false [java.awt.Point[x=797,y=554],_java.awt.Point[x=428,y=389]] 1.0" xmi.id="S.181"/>
      <GXML:HashtableStrings keys="bounds opaque" values="java.awt.Rectangle[x=74,y=475,width=195,height=91] true" xmi.id="S.182"/>
      <GXML:HashtableStrings xmi.id="S.183"/>
      <GXML:HashtableStrings keys="labelposition endsize beginSize lineEnd editable points linewidth" values="java.awt.Point[x=500,y=500] 18 18 2 false [java.awt.Point[x=792,y=257],_java.awt.Point[x=938,y=70]] 1.0" xmi.id="S.184">
       <GXML:HashtableStrings.value>
        <UML:Generalization href="../F1TeamModel.xml|S.200" xml:link="simple" xmlns:UML="http://lci/xml"/>
       </GXML:HashtableStrings.value>
      </GXML:HashtableStrings>
      <GXML:HashtableStrings keys="editable bordercolor bounds opaque" values="true java.awt.Color[r=255,g=255,b=255] java.awt.Rectangle[x=936,y=400,width=12,height=21] false" xmi.id="S.185"/>
      <GXML:HashtableStrings keys="labelposition endsize beginSize lineBegin editable points linewidth" values="java.awt.Point[x=500,y=500] 18 18 2 false [java.awt.Point[x=938,y=70],_java.awt.Point[x=426,y=125]] 1.0" xmi.id="S.186">
       <GXML:HashtableStrings.value>
        <UML:Generalization href="../F1TeamModel.xml|S.199" xml:link="simple" xmlns:UML="http://lci/xml"/>
       </GXML:HashtableStrings.value>
      </GXML:HashtableStrings>
      <GXML:HashtableStrings xmi.id="S.187"/>
      <GXML:HashtableStrings xmi.id="S.188"/>
      <GXML:HashtableStrings keys="labelposition endsize beginSize lineEnd lineBegin editable points linewidth" values="java.awt.Point[x=500,y=500] 18 18 0 0 false [java.awt.Point[x=792,y=257],_java.awt.Point[x=428,y=389]] 1.0" xmi.id="S.189"/>
      <GXML:HashtableStrings xmi.id="S.190"/>
      <GXML:HashtableStrings keys="editable bordercolor bounds opaque" values="true java.awt.Color[r=255,g=255,b=255] java.awt.Rectangle[x=561,y=398,width=23,height=21] false" xmi.id="S.191"/>
      <GXML:HashtableStrings keys="editable bordercolor bounds opaque" values="true java.awt.Color[r=255,g=255,b=255] java.awt.Rectangle[x=377,y=293,width=40,height=21] false" xmi.id="S.192"/>
      <GXML:HashtableStrings xmi.id="S.193"/>
      <GXML:HashtableStrings keys="editable bordercolor bounds opaque" values="true java.awt.Color[r=255,g=255,b=255] java.awt.Rectangle[x=435,y=180,width=12,height=21] false" xmi.id="S.194"/>
      <GXML:HashtableStrings keys="bounds opaque" values="java.awt.Rectangle[x=839,y=14,width=196,height=110] true" xmi.id="S.195"/>
      <GXML:HashtableStrings keys="editable bordercolor bounds opaque" values="true java.awt.Color[r=255,g=255,b=255] java.awt.Rectangle[x=620,y=261,width=61,height=21] false" xmi.id="S.196"/>
      <GXML:HashtableStrings keys="editable bordercolor bounds opaque" values="true java.awt.Color[r=255,g=255,b=255] java.awt.Rectangle[x=561,y=354,width=12,height=21] false" xmi.id="S.197"/>
      <GXML:HashtableStrings xmi.id="S.198"/>
      <GXML:HashtableStrings keys="lineBegin linewidth endsize editable lineEnd points labelposition beginSize" values="0 1.0 18 false 0 [java.awt.Point[x=426,y=125],_java.awt.Point[x=428,y=389]] java.awt.Point[x=500,y=500] 18" xmi.id="S.199">
       <GXML:HashtableStrings.value>
        <UML:AssociationClass href="../F1TeamModel.xml|S.161" xml:link="simple" xmlns:UML="http://lci/xml"/>
       </GXML:HashtableStrings.value>
      </GXML:HashtableStrings>
      <GXML:HashtableStrings keys="editable bordercolor bounds opaque" values="true java.awt.Color[r=255,g=255,b=255] java.awt.Rectangle[x=181,y=444,width=12,height=21] false" xmi.id="S.200"/>
      <GXML:HashtableStrings keys="bounds opaque" values="java.awt.Rectangle[x=698,y=489,width=196,height=129] true" xmi.id="S.201"/>
     </GXML:Hashtable.values>
    </GXML:Hashtable>
   </GXML:ClassDiagram.viewAttributes>
   <GXML:ClassDiagram.classes>
    <UML:Class href="../F1TeamModel.xml|S.137" xml:link="simple" xmlns:UML="http://lci/xml"/>
    <UML:Class href="../F1TeamModel.xml|S.163" xml:link="simple" xmlns:UML="http://lci/xml"/>
    <UML:AssociationClass href="../F1TeamModel.xml|S.161" xml:link="simple" xmlns:UML="http://lci/xml"/>
    <UML:Class href="../F1TeamModel.xml|S.164" xml:link="simple" xmlns:UML="http://lci/xml"/>
    <UML:Class href="../F1TeamModel.xml|S.218" xml:link="simple" xmlns:UML="http://lci/xml"/>
    <UML:Class href="../F1TeamModel.xml|S.242" xml:link="simple" xmlns:UML="http://lci/xml"/>
    <UML:Class href="../F1TeamModel.xml|S.216" xml:link="simple" xmlns:UML="http://lci/xml"/>
    <UML:Class href="../F1TeamModel.xml|S.196" xml:link="simple" xmlns:UML="http://lci/xml"/>
   </GXML:ClassDiagram.classes>
  </GXML:ClassDiagram>
 </XMI.content>
</XMI>
