<?xml version="1.0" encoding="UTF-8" standalone="no"?>
<XMI xmlns:GXML="//lci.cs.ubbcluj.ro/gxml" xmlns:UML="//org.omg/UML/1.3" xmi.version="1.1">
 <XMI.header>
  <XMI.documentation>
   <XMI.exporter>ocle 2.0</XMI.exporter>
   <XMI.exporterVersion>1.0</XMI.exporterVersion>
  </XMI.documentation>
  <XMI.metamodel xmi.name="GXAPI" xmi.version="0.1"/>
 </XMI.header>
 <XMI.content>
  <GXML:ObjectDiagram background="java.awt.Color[r=255,g=255,b=255]" gridVisible="false" isLocked="false" name="NewObjectDiagram" objects="S.66 S.67 S.68 S.69 S.70 S.71" xmi.id="S.1" xmlns:GXML="http://lci/xml">
   <GXML:ObjectDiagram.connectionSet>
    <GXML:ConnectionSet edges="S.3 S.4 S.5 S.6" xmi.id="S.2">
     <GXML:ConnectionSet.connections>
      <GXML:ConnectionSet_GXConnection edge="S.3" isSource="false" port="S.8" xmi.id="S.7"/>
      <GXML:ConnectionSet_GXConnection edge="S.4" isSource="true" port="S.8" xmi.id="S.9"/>
      <GXML:ConnectionSet_GXConnection edge="S.3" isSource="true" port="S.11" xmi.id="S.10"/>
      <GXML:ConnectionSet_GXConnection edge="S.5" isSource="false" port="S.13" xmi.id="S.12"/>
      <GXML:ConnectionSet_GXConnection edge="S.6" isSource="true" port="S.8" xmi.id="S.14"/>
      <GXML:ConnectionSet_GXConnection edge="S.6" isSource="false" port="S.16" xmi.id="S.15"/>
      <GXML:ConnectionSet_GXConnection edge="S.5" isSource="true" port="S.8" xmi.id="S.17"/>
      <GXML:ConnectionSet_GXConnection edge="S.4" isSource="false" port="S.19" xmi.id="S.18"/>
     </GXML:ConnectionSet.connections>
    </GXML:ConnectionSet>
   </GXML:ObjectDiagram.connectionSet>
   <GXML:ObjectDiagram.owner>
    <UML:Collaboration href="../F1TeamModel.xml|S.382" xml:link="simple" xmlns:UML="http://lci/xml"/>
   </GXML:ObjectDiagram.owner>
   <GXML:ObjectDiagram.flat>
    <GXML:DefaultPort allowsChildren="false" parent="S.21" xmi.id="S.19">
     <GXML:DefaultGraphCell.attributes>
      <GXML:HashtableStrings xmi.id="S.20"/>
     </GXML:DefaultGraphCell.attributes>
    </GXML:DefaultPort>
    <GXML:ObjectCell allowsChildren="true" children="S.11" xmi.id="S.22">
     <GXML:ObjectCell.property>
      <GXML:ObjectGProperty bodyfontSize="11" fillColor="java.awt.Color[r=255,g=255,b=255]" outlineColor="java.awt.Color[r=0,g=0,b=0]" outlineWidth="1" selectionColor="java.awt.Color[r=255,g=0,b=0]" titlefontSize="12" xmi.id="S.23"/>
     </GXML:ObjectCell.property>
     <GXML:DefaultGraphCell.attributes>
      <GXML:HashtableStrings keys="moveable" values="true" xmi.id="S.24">
       <GXML:HashtableStrings.value>
        <UML:Object href="../F1TeamModel.xml|S.205" xml:link="simple" xmlns:UML="http://lci/xml"/>
       </GXML:HashtableStrings.value>
      </GXML:HashtableStrings>
     </GXML:DefaultGraphCell.attributes>
     <GXML:DefaultMutableTreeNode.userObject>
      <UML:Object href="../F1TeamModel.xml|S.205" xml:link="simple" xmlns:UML="http://lci/xml"/>
     </GXML:DefaultMutableTreeNode.userObject>
    </GXML:ObjectCell>
    <GXML:SpecialEdge allowsChildren="true" isRouted="false" source="S.8" target="S.19" xmi.id="S.4">
     <GXML:DefaultGraphCell.attributes>
      <GXML:HashtableStrings keys="lineBegin editable linewidth lineEnd" values="0 false 1.0 0" xmi.id="S.25">
       <GXML:HashtableStrings.value>
        <UML:Link href="../F1TeamModel.xml|S.337" xml:link="simple" xmlns:UML="http://lci/xml"/>
       </GXML:HashtableStrings.value>
      </GXML:HashtableStrings>
     </GXML:DefaultGraphCell.attributes>
     <GXML:DefaultMutableTreeNode.userObject>
      <UML:Link href="../F1TeamModel.xml|S.337" xml:link="simple" xmlns:UML="http://lci/xml"/>
     </GXML:DefaultMutableTreeNode.userObject>
    </GXML:SpecialEdge>
    <GXML:DefaultPort allowsChildren="false" parent="S.27" xmi.id="S.16">
     <GXML:DefaultGraphCell.attributes>
      <GXML:HashtableStrings xmi.id="S.26"/>
     </GXML:DefaultGraphCell.attributes>
    </GXML:DefaultPort>
    <GXML:ObjectCell allowsChildren="true" children="S.8" xmi.id="S.28">
     <GXML:ObjectCell.property>
      <GXML:ObjectGProperty bodyfontSize="11" fillColor="java.awt.Color[r=255,g=255,b=255]" outlineColor="java.awt.Color[r=0,g=0,b=0]" outlineWidth="1" selectionColor="java.awt.Color[r=255,g=0,b=0]" titlefontSize="12" xmi.id="S.29"/>
     </GXML:ObjectCell.property>
     <GXML:DefaultGraphCell.attributes>
      <GXML:HashtableStrings keys="moveable" values="true" xmi.id="S.30">
       <GXML:HashtableStrings.value>
        <UML:Object href="../F1TeamModel.xml|S.138" xml:link="simple" xmlns:UML="http://lci/xml"/>
       </GXML:HashtableStrings.value>
      </GXML:HashtableStrings>
     </GXML:DefaultGraphCell.attributes>
     <GXML:DefaultMutableTreeNode.userObject>
      <UML:Object href="../F1TeamModel.xml|S.138" xml:link="simple" xmlns:UML="http://lci/xml"/>
     </GXML:DefaultMutableTreeNode.userObject>
    </GXML:ObjectCell>
    <GXML:DefaultPort allowsChildren="false" parent="S.22" xmi.id="S.11">
     <GXML:DefaultGraphCell.attributes>
      <GXML:HashtableStrings xmi.id="S.31"/>
     </GXML:DefaultGraphCell.attributes>
    </GXML:DefaultPort>
    <GXML:ObjectCell allowsChildren="true" children="S.13" xmi.id="S.32">
     <GXML:ObjectCell.property>
      <GXML:ObjectGProperty bodyfontSize="11" fillColor="java.awt.Color[r=255,g=255,b=255]" outlineColor="java.awt.Color[r=0,g=0,b=0]" outlineWidth="1" selectionColor="java.awt.Color[r=255,g=0,b=0]" titlefontSize="12" xmi.id="S.33"/>
     </GXML:ObjectCell.property>
     <GXML:DefaultGraphCell.attributes>
      <GXML:HashtableStrings xmi.id="S.34">
       <GXML:HashtableStrings.value>
        <UML:Object href="../F1TeamModel.xml|S.219" xml:link="simple" xmlns:UML="http://lci/xml"/>
       </GXML:HashtableStrings.value>
      </GXML:HashtableStrings>
     </GXML:DefaultGraphCell.attributes>
     <GXML:DefaultMutableTreeNode.userObject>
      <UML:Object href="../F1TeamModel.xml|S.219" xml:link="simple" xmlns:UML="http://lci/xml"/>
     </GXML:DefaultMutableTreeNode.userObject>
    </GXML:ObjectCell>
    <GXML:ObjectCell allowsChildren="true" children="S.38" xmi.id="S.35">
     <GXML:ObjectCell.property>
      <GXML:ObjectGProperty bodyfontSize="11" fillColor="java.awt.Color[r=255,g=255,b=255]" outlineColor="java.awt.Color[r=0,g=0,b=0]" outlineWidth="1" selectionColor="java.awt.Color[r=255,g=0,b=0]" titlefontSize="12" xmi.id="S.36"/>
     </GXML:ObjectCell.property>
     <GXML:DefaultGraphCell.attributes>
      <GXML:HashtableStrings xmi.id="S.37">
       <GXML:HashtableStrings.value>
        <UML:Object href="../F1TeamModel.xml|S.287" xml:link="simple" xmlns:UML="http://lci/xml"/>
       </GXML:HashtableStrings.value>
      </GXML:HashtableStrings>
     </GXML:DefaultGraphCell.attributes>
     <GXML:DefaultMutableTreeNode.userObject>
      <UML:Object href="../F1TeamModel.xml|S.287" xml:link="simple" xmlns:UML="http://lci/xml"/>
     </GXML:DefaultMutableTreeNode.userObject>
    </GXML:ObjectCell>
    <GXML:ObjectCell allowsChildren="true" children="S.19" xmi.id="S.21">
     <GXML:ObjectCell.property>
      <GXML:ObjectGProperty bodyfontSize="11" fillColor="java.awt.Color[r=255,g=255,b=255]" outlineColor="java.awt.Color[r=0,g=0,b=0]" outlineWidth="1" selectionColor="java.awt.Color[r=255,g=0,b=0]" titlefontSize="12" xmi.id="S.39"/>
     </GXML:ObjectCell.property>
     <GXML:DefaultGraphCell.attributes>
      <GXML:HashtableStrings keys="moveable" values="true" xmi.id="S.40">
       <GXML:HashtableStrings.value>
        <UML:Object href="../F1TeamModel.xml|S.259" xml:link="simple" xmlns:UML="http://lci/xml"/>
       </GXML:HashtableStrings.value>
      </GXML:HashtableStrings>
     </GXML:DefaultGraphCell.attributes>
     <GXML:DefaultMutableTreeNode.userObject>
      <UML:Object href="../F1TeamModel.xml|S.259" xml:link="simple" xmlns:UML="http://lci/xml"/>
     </GXML:DefaultMutableTreeNode.userObject>
    </GXML:ObjectCell>
    <GXML:DefaultPort allowsChildren="false" parent="S.35" xmi.id="S.38">
     <GXML:DefaultGraphCell.attributes>
      <GXML:HashtableStrings xmi.id="S.41"/>
     </GXML:DefaultGraphCell.attributes>
    </GXML:DefaultPort>
    <GXML:DefaultPort allowsChildren="false" parent="S.28" xmi.id="S.8">
     <GXML:DefaultGraphCell.attributes>
      <GXML:HashtableStrings xmi.id="S.42"/>
     </GXML:DefaultGraphCell.attributes>
    </GXML:DefaultPort>
    <GXML:DefaultPort allowsChildren="false" parent="S.32" xmi.id="S.13">
     <GXML:DefaultGraphCell.attributes>
      <GXML:HashtableStrings xmi.id="S.43"/>
     </GXML:DefaultGraphCell.attributes>
    </GXML:DefaultPort>
    <GXML:ObjectCell allowsChildren="true" children="S.16" xmi.id="S.27">
     <GXML:ObjectCell.property>
      <GXML:ObjectGProperty bodyfontSize="11" fillColor="java.awt.Color[r=255,g=255,b=255]" outlineColor="java.awt.Color[r=0,g=0,b=0]" outlineWidth="1" selectionColor="java.awt.Color[r=255,g=0,b=0]" titlefontSize="12" xmi.id="S.44"/>
     </GXML:ObjectCell.property>
     <GXML:DefaultGraphCell.attributes>
      <GXML:HashtableStrings xmi.id="S.45">
       <GXML:HashtableStrings.value>
        <UML:Object href="../F1TeamModel.xml|S.206" xml:link="simple" xmlns:UML="http://lci/xml"/>
       </GXML:HashtableStrings.value>
      </GXML:HashtableStrings>
     </GXML:DefaultGraphCell.attributes>
     <GXML:DefaultMutableTreeNode.userObject>
      <UML:Object href="../F1TeamModel.xml|S.206" xml:link="simple" xmlns:UML="http://lci/xml"/>
     </GXML:DefaultMutableTreeNode.userObject>
    </GXML:ObjectCell>
    <GXML:SpecialEdge allowsChildren="true" isRouted="false" source="S.11" target="S.8" xmi.id="S.3">
     <GXML:DefaultGraphCell.attributes>
      <GXML:HashtableStrings keys="lineBegin editable linewidth lineEnd" values="0 false 1.0 0" xmi.id="S.46">
       <GXML:HashtableStrings.value>
        <UML:LinkObject href="../F1TeamModel.xml|S.355" xml:link="simple" xmlns:UML="http://lci/xml"/>
       </GXML:HashtableStrings.value>
      </GXML:HashtableStrings>
     </GXML:DefaultGraphCell.attributes>
     <GXML:DefaultMutableTreeNode.userObject>
      <UML:LinkObject href="../F1TeamModel.xml|S.355" xml:link="simple" xmlns:UML="http://lci/xml"/>
     </GXML:DefaultMutableTreeNode.userObject>
    </GXML:SpecialEdge>
    <GXML:SpecialEdge allowsChildren="true" isRouted="false" source="S.8" target="S.13" xmi.id="S.5">
     <GXML:DefaultGraphCell.attributes>
      <GXML:HashtableStrings keys="lineBegin editable linewidth lineEnd" values="0 false 1.0 0" xmi.id="S.47">
       <GXML:HashtableStrings.value>
        <UML:Link href="../F1TeamModel.xml|S.327" xml:link="simple" xmlns:UML="http://lci/xml"/>
       </GXML:HashtableStrings.value>
      </GXML:HashtableStrings>
     </GXML:DefaultGraphCell.attributes>
     <GXML:DefaultMutableTreeNode.userObject>
      <UML:Link href="../F1TeamModel.xml|S.327" xml:link="simple" xmlns:UML="http://lci/xml"/>
     </GXML:DefaultMutableTreeNode.userObject>
    </GXML:SpecialEdge>
    <GXML:SpecialEdge allowsChildren="true" isRouted="false" source="S.8" target="S.16" xmi.id="S.6">
     <GXML:DefaultGraphCell.attributes>
      <GXML:HashtableStrings keys="lineBegin editable linewidth lineEnd" values="0 false 1.0 0" xmi.id="S.48">
       <GXML:HashtableStrings.value>
        <UML:LinkObject href="../F1TeamModel.xml|S.356" xml:link="simple" xmlns:UML="http://lci/xml"/>
       </GXML:HashtableStrings.value>
      </GXML:HashtableStrings>
     </GXML:DefaultGraphCell.attributes>
     <GXML:DefaultMutableTreeNode.userObject>
      <UML:LinkObject href="../F1TeamModel.xml|S.356" xml:link="simple" xmlns:UML="http://lci/xml"/>
     </GXML:DefaultMutableTreeNode.userObject>
    </GXML:SpecialEdge>
   </GXML:ObjectDiagram.flat>
   <GXML:ObjectDiagram.cells>
    <GXML:SpecialEdge xmi.idref="S.3"/>
    <GXML:SpecialEdge xmi.idref="S.5"/>
    <GXML:SpecialEdge xmi.idref="S.6"/>
    <GXML:ObjectCell xmi.idref="S.35"/>
    <GXML:ObjectCell xmi.idref="S.27"/>
    <GXML:ObjectCell xmi.idref="S.32"/>
    <GXML:SpecialEdge xmi.idref="S.4"/>
    <GXML:ObjectCell xmi.idref="S.28"/>
    <GXML:ObjectCell xmi.idref="S.22"/>
    <GXML:ObjectCell xmi.idref="S.21"/>
   </GXML:ObjectDiagram.cells>
   <GXML:ObjectDiagram.relationViews>
    <GXML:SpecialEdge xmi.idref="S.3"/>
    <GXML:SpecialEdge xmi.idref="S.5"/>
    <GXML:SpecialEdge xmi.idref="S.6"/>
    <GXML:SpecialEdge xmi.idref="S.4"/>
   </GXML:ObjectDiagram.relationViews>
   <GXML:ObjectDiagram.viewAttributes>
    <GXML:Hashtable keys="S.28 S.4 S.16 S.38 S.21 S.19 S.8 S.13 S.5 S.6 S.27 S.22 S.35 S.3 S.32 S.11" xmi.id="S.49">
     <GXML:Hashtable.values>
      <GXML:HashtableStrings keys="bounds moveable opaque" values="java.awt.Rectangle[x=617,y=475,width=151,height=110] true true" xmi.id="S.50"/>
      <GXML:HashtableStrings keys="lineEnd lineBegin labelposition points linewidth editable" values="0 0 java.awt.Point[x=500,y=500] [java.awt.Point[x=693,y=531],_java.awt.Point[x=441,y=234]] 1.0 false" xmi.id="S.51">
       <GXML:HashtableStrings.value>
        <UML:Link href="../F1TeamModel.xml|S.337" xml:link="simple" xmlns:UML="http://lci/xml"/>
       </GXML:HashtableStrings.value>
      </GXML:HashtableStrings>
      <GXML:HashtableStrings xmi.id="S.52"/>
      <GXML:HashtableStrings xmi.id="S.53"/>
      <GXML:HashtableStrings keys="bounds moveable opaque" values="java.awt.Rectangle[x=365,y=168,width=151,height=131] true true" xmi.id="S.54"/>
      <GXML:HashtableStrings xmi.id="S.55"/>
      <GXML:HashtableStrings xmi.id="S.56"/>
      <GXML:HashtableStrings xmi.id="S.57"/>
      <GXML:HashtableStrings keys="lineEnd lineBegin labelposition points linewidth editable" values="0 0 java.awt.Point[x=500,y=500] [java.awt.Point[x=693,y=531],_java.awt.Point[x=687,y=93]] 1.0 false" xmi.id="S.58">
       <GXML:HashtableStrings.value>
        <UML:Link href="../F1TeamModel.xml|S.327" xml:link="simple" xmlns:UML="http://lci/xml"/>
       </GXML:HashtableStrings.value>
      </GXML:HashtableStrings>
      <GXML:HashtableStrings keys="lineEnd lineBegin labelposition points linewidth editable" values="0 0 java.awt.Point[x=500,y=500] [java.awt.Point[x=693,y=531],_java.awt.Point[x=883,y=529]] 1.0 false" xmi.id="S.59">
       <GXML:HashtableStrings.value>
        <UML:LinkObject href="../F1TeamModel.xml|S.356" xml:link="simple" xmlns:UML="http://lci/xml"/>
       </GXML:HashtableStrings.value>
      </GXML:HashtableStrings>
      <GXML:HashtableStrings keys="bounds opaque" values="java.awt.Rectangle[x=807,y=463,width=151,height=131] true" xmi.id="S.60"/>
      <GXML:HashtableStrings keys="bounds moveable opaque" values="java.awt.Rectangle[x=375,y=450,width=151,height=131] true true" xmi.id="S.61"/>
      <GXML:HashtableStrings keys="bounds opaque" values="java.awt.Rectangle[x=42,y=49,width=150,height=90] true" xmi.id="S.62"/>
      <GXML:HashtableStrings keys="lineEnd lineBegin labelposition points linewidth editable" values="0 0 java.awt.Point[x=500,y=500] [java.awt.Point[x=451,y=516],_java.awt.Point[x=693,y=531]] 1.0 false" xmi.id="S.63">
       <GXML:HashtableStrings.value>
        <UML:LinkObject href="../F1TeamModel.xml|S.355" xml:link="simple" xmlns:UML="http://lci/xml"/>
       </GXML:HashtableStrings.value>
      </GXML:HashtableStrings>
      <GXML:HashtableStrings keys="bounds opaque" values="java.awt.Rectangle[x=611,y=16,width=151,height=152] true" xmi.id="S.64"/>
      <GXML:HashtableStrings xmi.id="S.65"/>
     </GXML:Hashtable.values>
    </GXML:Hashtable>
   </GXML:ObjectDiagram.viewAttributes>
   <GXML:ObjectDiagram.objectViews>
    <GXML:ObjectCell xmi.idref="S.35"/>
    <GXML:ObjectCell xmi.idref="S.22"/>
    <GXML:ObjectCell xmi.idref="S.28"/>
    <GXML:ObjectCell xmi.idref="S.32"/>
    <GXML:ObjectCell xmi.idref="S.27"/>
    <GXML:ObjectCell xmi.idref="S.21"/>
   </GXML:ObjectDiagram.objectViews>
   <GXML:ObjectDiagram.objects>
    <UML:Object href="../F1TeamModel.xml|S.287" xml:link="simple" xmlns:UML="http://lci/xml"/>
    <UML:Object href="../F1TeamModel.xml|S.205" xml:link="simple" xmlns:UML="http://lci/xml"/>
    <UML:Object href="../F1TeamModel.xml|S.138" xml:link="simple" xmlns:UML="http://lci/xml"/>
    <UML:Object href="../F1TeamModel.xml|S.219" xml:link="simple" xmlns:UML="http://lci/xml"/>
    <UML:Object href="../F1TeamModel.xml|S.206" xml:link="simple" xmlns:UML="http://lci/xml"/>
    <UML:Object href="../F1TeamModel.xml|S.259" xml:link="simple" xmlns:UML="http://lci/xml"/>
   </GXML:ObjectDiagram.objects>
  </GXML:ObjectDiagram>
 </XMI.content>
</XMI>
