<?xml version="1.0" encoding="UTF-8" standalone="no"?>
<XMI xmlns:GXML="//lci.cs.ubbcluj.ro/gxml" xmlns:UML="//org.omg/UML/1.3" xmi.version="1.1">
 <XMI.header>
  <XMI.documentation>
   <XMI.exporter>ocle 2.0</XMI.exporter>
   <XMI.exporterVersion>1.0</XMI.exporterVersion>
  </XMI.documentation>
  <XMI.metamodel xmi.name="GXAPI" xmi.version="0.1"/>
 </XMI.header>
 <XMI.content>
  <GXML:ObjectDiagram background="java.awt.Color[r=255,g=255,b=255]" gridVisible="false" isLocked="false" name="NewObjectDiagram" xmi.id="S.1" xmlns:GXML="http://lci/xml">
   <GXML:ObjectDiagram.viewAttributes>
    <GXML:Hashtable keys="S.30 S.31 S.32 S.33 S.34 S.35 S.36 S.37 S.38 S.39 S.40 S.41 S.42 S.43 S.44 S.45 S.46 S.47 S.48 S.49 S.50 S.51 S.52 S.53 S.54 S.55 S.56" xmi.id="S.2">
     <GXML:Hashtable.values>
      <GXML:HashtableStrings xmi.id="S.3"/>
      <GXML:HashtableStrings xmi.id="S.4"/>
      <GXML:HashtableStrings xmi.id="S.5"/>
      <GXML:HashtableStrings keys="bounds opaque" values="java.awt.Rectangle[x=878,y=354,width=151,height=89] true" xmi.id="S.6"/>
      <GXML:HashtableStrings xmi.id="S.7"/>
      <GXML:HashtableStrings xmi.id="S.8"/>
      <GXML:HashtableStrings keys="bounds opaque" values="java.awt.Rectangle[x=106,y=517,width=150,height=90] true" xmi.id="S.9"/>
      <GXML:HashtableStrings xmi.id="S.10"/>
      <GXML:HashtableStrings keys="bounds opaque" values="java.awt.Rectangle[x=544,y=481,width=150,height=90] true" xmi.id="S.11"/>
      <GXML:HashtableStrings keys="bounds opaque" values="java.awt.Rectangle[x=413,y=230,width=150,height=90] true" xmi.id="S.12"/>
      <GXML:HashtableStrings xmi.id="S.13"/>
      <GXML:HashtableStrings keys="lineEnd lineBegin labelposition points linewidth editable" values="0 0 java.awt.Point[x=500,y=500] [java.awt.Point[x=676,y=148],_java.awt.Point[x=954,y=399]] 1.0 false" xmi.id="S.14">
       <GXML:HashtableStrings.value>
        <UML:Link href="../F1TeamModel.xml|S.347" xml:link="simple" xmlns:UML="http://lci/xml"/>
       </GXML:HashtableStrings.value>
      </GXML:HashtableStrings>
      <GXML:HashtableStrings keys="lineEnd lineBegin labelposition points linewidth editable" values="0 0 java.awt.Point[x=500,y=500] [java.awt.Point[x=676,y=148],_java.awt.Point[x=355,y=130]] 1.0 false" xmi.id="S.15">
       <GXML:HashtableStrings.value>
        <UML:LinkObject href="../F1TeamModel.xml|S.359" xml:link="simple" xmlns:UML="http://lci/xml"/>
       </GXML:HashtableStrings.value>
      </GXML:HashtableStrings>
      <GXML:HashtableStrings keys="lineEnd lineBegin labelposition points linewidth editable" values="0 0 java.awt.Point[x=500,y=500] [java.awt.Point[x=1098,y=170],_java.awt.Point[x=676,y=148]] 1.0 false" xmi.id="S.16">
       <GXML:HashtableStrings.value>
        <UML:Link href="../F1TeamModel.xml|S.337" xml:link="simple" xmlns:UML="http://lci/xml"/>
       </GXML:HashtableStrings.value>
      </GXML:HashtableStrings>
      <GXML:HashtableStrings keys="lineEnd lineBegin labelposition points linewidth editable" values="0 0 java.awt.Point[x=500,y=500] [java.awt.Point[x=347,y=367],_java.awt.Point[x=676,y=148]] 1.0 false" xmi.id="S.17">
       <GXML:HashtableStrings.value>
        <UML:LinkObject href="../F1TeamModel.xml|S.358" xml:link="simple" xmlns:UML="http://lci/xml"/>
       </GXML:HashtableStrings.value>
      </GXML:HashtableStrings>
      <GXML:HashtableStrings keys="bounds opaque" values="java.awt.Rectangle[x=600,y=92,width=151,height=110] true" xmi.id="S.18"/>
      <GXML:HashtableStrings keys="bounds opaque" values="java.awt.Rectangle[x=383,y=483,width=150,height=90] true" xmi.id="S.19"/>
      <GXML:HashtableStrings keys="bounds opaque" values="java.awt.Rectangle[x=279,y=64,width=151,height=131] true" xmi.id="S.20"/>
      <GXML:HashtableStrings xmi.id="S.21"/>
      <GXML:HashtableStrings xmi.id="S.22"/>
      <GXML:HashtableStrings xmi.id="S.23"/>
      <GXML:HashtableStrings keys="bounds opaque" values="java.awt.Rectangle[x=434,y=73,width=150,height=90] true" xmi.id="S.24"/>
      <GXML:HashtableStrings keys="bounds opaque" values="java.awt.Rectangle[x=606,y=302,width=151,height=152] true" xmi.id="S.25"/>
      <GXML:HashtableStrings keys="bounds opaque" values="java.awt.Rectangle[x=271,y=301,width=151,height=131] true" xmi.id="S.26"/>
      <GXML:HashtableStrings xmi.id="S.27"/>
      <GXML:HashtableStrings keys="bounds opaque" values="java.awt.Rectangle[x=1022,y=104,width=151,height=131] true" xmi.id="S.28"/>
      <GXML:HashtableStrings keys="lineEnd lineBegin labelposition points linewidth editable" values="0 0 java.awt.Point[x=500,y=500] [java.awt.Point[x=682,y=379],_java.awt.Point[x=676,y=148]] 1.0 false" xmi.id="S.29">
       <GXML:HashtableStrings.value>
        <UML:Link href="../F1TeamModel.xml|S.327" xml:link="simple" xmlns:UML="http://lci/xml"/>
       </GXML:HashtableStrings.value>
      </GXML:HashtableStrings>
     </GXML:Hashtable.values>
    </GXML:Hashtable>
   </GXML:ObjectDiagram.viewAttributes>
   <GXML:ObjectDiagram.owner>
    <UML:Collaboration href="../F1TeamModel.xml|S.378" xml:link="simple" xmlns:UML="http://lci/xml"/>
   </GXML:ObjectDiagram.owner>
   <GXML:ObjectDiagram.flat>
    <GXML:DefaultPort allowsChildren="false" parent="S.46" xmi.id="S.32">
     <GXML:DefaultGraphCell.attributes>
      <GXML:HashtableStrings xmi.id="S.57"/>
     </GXML:DefaultGraphCell.attributes>
    </GXML:DefaultPort>
    <GXML:ObjectCell allowsChildren="true" children="S.50" xmi.id="S.51">
     <GXML:ObjectCell.property>
      <GXML:ObjectGProperty bodyfontSize="11" fillColor="java.awt.Color[r=255,g=255,b=255]" outlineColor="java.awt.Color[r=0,g=0,b=0]" outlineWidth="1" selectionColor="java.awt.Color[r=255,g=0,b=0]" titlefontSize="12" xmi.id="S.58"/>
     </GXML:ObjectCell.property>
     <GXML:DefaultGraphCell.attributes>
      <GXML:HashtableStrings xmi.id="S.59">
       <GXML:HashtableStrings.value>
        <UML:LinkObject href="../F1TeamModel.xml|S.359" xml:link="simple" xmlns:UML="http://lci/xml"/>
       </GXML:HashtableStrings.value>
      </GXML:HashtableStrings>
     </GXML:DefaultGraphCell.attributes>
     <GXML:DefaultMutableTreeNode.userObject>
      <UML:LinkObject href="../F1TeamModel.xml|S.359" xml:link="simple" xmlns:UML="http://lci/xml"/>
     </GXML:DefaultMutableTreeNode.userObject>
    </GXML:ObjectCell>
    <GXML:DefaultPort allowsChildren="false" parent="S.38" xmi.id="S.34">
     <GXML:DefaultGraphCell.attributes>
      <GXML:HashtableStrings xmi.id="S.60"/>
     </GXML:DefaultGraphCell.attributes>
    </GXML:DefaultPort>
    <GXML:ObjectCell allowsChildren="true" children="S.35" xmi.id="S.47">
     <GXML:ObjectCell.property>
      <GXML:ObjectGProperty bodyfontSize="11" fillColor="java.awt.Color[r=255,g=255,b=255]" outlineColor="java.awt.Color[r=0,g=0,b=0]" outlineWidth="1" selectionColor="java.awt.Color[r=255,g=0,b=0]" titlefontSize="12" xmi.id="S.61"/>
     </GXML:ObjectCell.property>
     <GXML:DefaultGraphCell.attributes>
      <GXML:HashtableStrings xmi.id="S.62">
       <GXML:HashtableStrings.value>
        <UML:Object href="../F1TeamModel.xml|S.206" xml:link="simple" xmlns:UML="http://lci/xml"/>
       </GXML:HashtableStrings.value>
      </GXML:HashtableStrings>
     </GXML:DefaultGraphCell.attributes>
     <GXML:DefaultMutableTreeNode.userObject>
      <UML:Object href="../F1TeamModel.xml|S.206" xml:link="simple" xmlns:UML="http://lci/xml"/>
     </GXML:DefaultMutableTreeNode.userObject>
    </GXML:ObjectCell>
    <GXML:DefaultPort allowsChildren="false" parent="S.33" xmi.id="S.31">
     <GXML:DefaultGraphCell.attributes>
      <GXML:HashtableStrings xmi.id="S.63"/>
     </GXML:DefaultGraphCell.attributes>
    </GXML:DefaultPort>
    <GXML:DefaultPort allowsChildren="false" parent="S.47" xmi.id="S.35">
     <GXML:DefaultGraphCell.attributes>
      <GXML:HashtableStrings xmi.id="S.64"/>
     </GXML:DefaultGraphCell.attributes>
    </GXML:DefaultPort>
    <GXML:ObjectCell allowsChildren="true" children="S.34" xmi.id="S.38">
     <GXML:ObjectCell.property>
      <GXML:ObjectGProperty bodyfontSize="11" fillColor="java.awt.Color[r=255,g=255,b=255]" outlineColor="java.awt.Color[r=0,g=0,b=0]" outlineWidth="1" selectionColor="java.awt.Color[r=255,g=0,b=0]" titlefontSize="12" xmi.id="S.65"/>
     </GXML:ObjectCell.property>
     <GXML:DefaultGraphCell.attributes>
      <GXML:HashtableStrings xmi.id="S.66">
       <GXML:HashtableStrings.value>
        <UML:Object href="../F1TeamModel.xml|S.285" xml:link="simple" xmlns:UML="http://lci/xml"/>
       </GXML:HashtableStrings.value>
      </GXML:HashtableStrings>
     </GXML:DefaultGraphCell.attributes>
     <GXML:DefaultMutableTreeNode.userObject>
      <UML:Object href="../F1TeamModel.xml|S.285" xml:link="simple" xmlns:UML="http://lci/xml"/>
     </GXML:DefaultMutableTreeNode.userObject>
    </GXML:ObjectCell>
    <GXML:ObjectCell allowsChildren="true" children="S.37" xmi.id="S.36">
     <GXML:ObjectCell.property>
      <GXML:ObjectGProperty bodyfontSize="11" fillColor="java.awt.Color[r=255,g=255,b=255]" outlineColor="java.awt.Color[r=0,g=0,b=0]" outlineWidth="1" selectionColor="java.awt.Color[r=255,g=0,b=0]" titlefontSize="12" xmi.id="S.67"/>
     </GXML:ObjectCell.property>
     <GXML:DefaultGraphCell.attributes>
      <GXML:HashtableStrings xmi.id="S.68">
       <GXML:HashtableStrings.value>
        <UML:Object href="../F1TeamModel.xml|S.287" xml:link="simple" xmlns:UML="http://lci/xml"/>
       </GXML:HashtableStrings.value>
      </GXML:HashtableStrings>
     </GXML:DefaultGraphCell.attributes>
     <GXML:DefaultMutableTreeNode.userObject>
      <UML:Object href="../F1TeamModel.xml|S.287" xml:link="simple" xmlns:UML="http://lci/xml"/>
     </GXML:DefaultMutableTreeNode.userObject>
    </GXML:ObjectCell>
    <GXML:DefaultPort allowsChildren="false" parent="S.51" xmi.id="S.50">
     <GXML:DefaultGraphCell.attributes>
      <GXML:HashtableStrings xmi.id="S.69"/>
     </GXML:DefaultGraphCell.attributes>
    </GXML:DefaultPort>
    <GXML:ObjectCell allowsChildren="true" children="S.31" xmi.id="S.33">
     <GXML:ObjectCell.property>
      <GXML:ObjectGProperty bodyfontSize="11" fillColor="java.awt.Color[r=255,g=255,b=255]" outlineColor="java.awt.Color[r=0,g=0,b=0]" outlineWidth="1" selectionColor="java.awt.Color[r=255,g=0,b=0]" titlefontSize="12" xmi.id="S.70"/>
     </GXML:ObjectCell.property>
     <GXML:DefaultGraphCell.attributes>
      <GXML:HashtableStrings xmi.id="S.71">
       <GXML:HashtableStrings.value>
        <UML:Object href="../F1TeamModel.xml|S.243" xml:link="simple" xmlns:UML="http://lci/xml"/>
       </GXML:HashtableStrings.value>
      </GXML:HashtableStrings>
     </GXML:DefaultGraphCell.attributes>
     <GXML:DefaultMutableTreeNode.userObject>
      <UML:Object href="../F1TeamModel.xml|S.243" xml:link="simple" xmlns:UML="http://lci/xml"/>
     </GXML:DefaultMutableTreeNode.userObject>
    </GXML:ObjectCell>
    <GXML:ObjectCell allowsChildren="true" children="S.54" xmi.id="S.55">
     <GXML:ObjectCell.property>
      <GXML:ObjectGProperty bodyfontSize="11" fillColor="java.awt.Color[r=255,g=255,b=255]" outlineColor="java.awt.Color[r=0,g=0,b=0]" outlineWidth="1" selectionColor="java.awt.Color[r=255,g=0,b=0]" titlefontSize="12" xmi.id="S.72"/>
     </GXML:ObjectCell.property>
     <GXML:DefaultGraphCell.attributes>
      <GXML:HashtableStrings xmi.id="S.73">
       <GXML:HashtableStrings.value>
        <UML:Object href="../F1TeamModel.xml|S.259" xml:link="simple" xmlns:UML="http://lci/xml"/>
       </GXML:HashtableStrings.value>
      </GXML:HashtableStrings>
     </GXML:DefaultGraphCell.attributes>
     <GXML:DefaultMutableTreeNode.userObject>
      <UML:Object href="../F1TeamModel.xml|S.259" xml:link="simple" xmlns:UML="http://lci/xml"/>
     </GXML:DefaultMutableTreeNode.userObject>
    </GXML:ObjectCell>
    <GXML:ObjectCell allowsChildren="true" children="S.48" xmi.id="S.53">
     <GXML:ObjectCell.property>
      <GXML:ObjectGProperty bodyfontSize="11" fillColor="java.awt.Color[r=255,g=255,b=255]" outlineColor="java.awt.Color[r=0,g=0,b=0]" outlineWidth="1" selectionColor="java.awt.Color[r=255,g=0,b=0]" titlefontSize="12" xmi.id="S.74"/>
     </GXML:ObjectCell.property>
     <GXML:DefaultGraphCell.attributes>
      <GXML:HashtableStrings xmi.id="S.75">
       <GXML:HashtableStrings.value>
        <UML:Object href="../F1TeamModel.xml|S.205" xml:link="simple" xmlns:UML="http://lci/xml"/>
       </GXML:HashtableStrings.value>
      </GXML:HashtableStrings>
     </GXML:DefaultGraphCell.attributes>
     <GXML:DefaultMutableTreeNode.userObject>
      <UML:Object href="../F1TeamModel.xml|S.205" xml:link="simple" xmlns:UML="http://lci/xml"/>
     </GXML:DefaultMutableTreeNode.userObject>
    </GXML:ObjectCell>
    <GXML:DefaultPort allowsChildren="false" parent="S.55" xmi.id="S.54">
     <GXML:DefaultGraphCell.attributes>
      <GXML:HashtableStrings xmi.id="S.76"/>
     </GXML:DefaultGraphCell.attributes>
    </GXML:DefaultPort>
    <GXML:DefaultPort allowsChildren="false" parent="S.52" xmi.id="S.49">
     <GXML:DefaultGraphCell.attributes>
      <GXML:HashtableStrings xmi.id="S.77"/>
     </GXML:DefaultGraphCell.attributes>
    </GXML:DefaultPort>
    <GXML:ObjectCell allowsChildren="true" children="S.32" xmi.id="S.46">
     <GXML:ObjectCell.property>
      <GXML:ObjectGProperty bodyfontSize="11" fillColor="java.awt.Color[r=255,g=255,b=255]" outlineColor="java.awt.Color[r=0,g=0,b=0]" outlineWidth="1" selectionColor="java.awt.Color[r=255,g=0,b=0]" titlefontSize="12" xmi.id="S.78"/>
     </GXML:ObjectCell.property>
     <GXML:DefaultGraphCell.attributes>
      <GXML:HashtableStrings xmi.id="S.79">
       <GXML:HashtableStrings.value>
        <UML:Object href="../F1TeamModel.xml|S.286" xml:link="simple" xmlns:UML="http://lci/xml"/>
       </GXML:HashtableStrings.value>
      </GXML:HashtableStrings>
     </GXML:DefaultGraphCell.attributes>
     <GXML:DefaultMutableTreeNode.userObject>
      <UML:Object href="../F1TeamModel.xml|S.286" xml:link="simple" xmlns:UML="http://lci/xml"/>
     </GXML:DefaultMutableTreeNode.userObject>
    </GXML:ObjectCell>
    <GXML:DefaultPort allowsChildren="false" parent="S.36" xmi.id="S.37">
     <GXML:DefaultGraphCell.attributes>
      <GXML:HashtableStrings xmi.id="S.80"/>
     </GXML:DefaultGraphCell.attributes>
    </GXML:DefaultPort>
    <GXML:ObjectCell allowsChildren="true" children="S.40" xmi.id="S.45">
     <GXML:ObjectCell.property>
      <GXML:ObjectGProperty bodyfontSize="11" fillColor="java.awt.Color[r=255,g=255,b=255]" outlineColor="java.awt.Color[r=0,g=0,b=0]" outlineWidth="1" selectionColor="java.awt.Color[r=255,g=0,b=0]" titlefontSize="12" xmi.id="S.81"/>
     </GXML:ObjectCell.property>
     <GXML:DefaultGraphCell.attributes>
      <GXML:HashtableStrings keys="moveable" values="true" xmi.id="S.82">
       <GXML:HashtableStrings.value>
        <UML:Object href="../F1TeamModel.xml|S.138" xml:link="simple" xmlns:UML="http://lci/xml"/>
       </GXML:HashtableStrings.value>
      </GXML:HashtableStrings>
     </GXML:DefaultGraphCell.attributes>
     <GXML:DefaultMutableTreeNode.userObject>
      <UML:Object href="../F1TeamModel.xml|S.138" xml:link="simple" xmlns:UML="http://lci/xml"/>
     </GXML:DefaultMutableTreeNode.userObject>
    </GXML:ObjectCell>
    <GXML:ObjectCell allowsChildren="true" children="S.30" xmi.id="S.39">
     <GXML:ObjectCell.property>
      <GXML:ObjectGProperty bodyfontSize="11" fillColor="java.awt.Color[r=255,g=255,b=255]" outlineColor="java.awt.Color[r=0,g=0,b=0]" outlineWidth="1" selectionColor="java.awt.Color[r=255,g=0,b=0]" titlefontSize="12" xmi.id="S.83"/>
     </GXML:ObjectCell.property>
     <GXML:DefaultGraphCell.attributes>
      <GXML:HashtableStrings xmi.id="S.84">
       <GXML:HashtableStrings.value>
        <UML:LinkObject href="../F1TeamModel.xml|S.358" xml:link="simple" xmlns:UML="http://lci/xml"/>
       </GXML:HashtableStrings.value>
      </GXML:HashtableStrings>
     </GXML:DefaultGraphCell.attributes>
     <GXML:DefaultMutableTreeNode.userObject>
      <UML:LinkObject href="../F1TeamModel.xml|S.358" xml:link="simple" xmlns:UML="http://lci/xml"/>
     </GXML:DefaultMutableTreeNode.userObject>
    </GXML:ObjectCell>
    <GXML:DefaultPort allowsChildren="false" parent="S.39" xmi.id="S.30">
     <GXML:DefaultGraphCell.attributes>
      <GXML:HashtableStrings xmi.id="S.85"/>
     </GXML:DefaultGraphCell.attributes>
    </GXML:DefaultPort>
    <GXML:ObjectCell allowsChildren="true" children="S.49" xmi.id="S.52">
     <GXML:ObjectCell.property>
      <GXML:ObjectGProperty bodyfontSize="11" fillColor="java.awt.Color[r=255,g=255,b=255]" outlineColor="java.awt.Color[r=0,g=0,b=0]" outlineWidth="1" selectionColor="java.awt.Color[r=255,g=0,b=0]" titlefontSize="12" xmi.id="S.86"/>
     </GXML:ObjectCell.property>
     <GXML:DefaultGraphCell.attributes>
      <GXML:HashtableStrings xmi.id="S.87">
       <GXML:HashtableStrings.value>
        <UML:Object href="../F1TeamModel.xml|S.219" xml:link="simple" xmlns:UML="http://lci/xml"/>
       </GXML:HashtableStrings.value>
      </GXML:HashtableStrings>
     </GXML:DefaultGraphCell.attributes>
     <GXML:DefaultMutableTreeNode.userObject>
      <UML:Object href="../F1TeamModel.xml|S.219" xml:link="simple" xmlns:UML="http://lci/xml"/>
     </GXML:DefaultMutableTreeNode.userObject>
    </GXML:ObjectCell>
    <GXML:DefaultPort allowsChildren="false" parent="S.53" xmi.id="S.48">
     <GXML:DefaultGraphCell.attributes>
      <GXML:HashtableStrings xmi.id="S.88"/>
     </GXML:DefaultGraphCell.attributes>
    </GXML:DefaultPort>
    <GXML:DefaultPort allowsChildren="false" parent="S.45" xmi.id="S.40">
     <GXML:DefaultGraphCell.attributes>
      <GXML:HashtableStrings xmi.id="S.89"/>
     </GXML:DefaultGraphCell.attributes>
    </GXML:DefaultPort>
    <GXML:SpecialEdge allowsChildren="true" isRouted="false" source="S.40" target="S.35" xmi.id="S.42">
     <GXML:DefaultGraphCell.attributes>
      <GXML:HashtableStrings keys="lineBegin editable linewidth lineEnd" values="0 false 1.0 0" xmi.id="S.90">
       <GXML:HashtableStrings.value>
        <UML:LinkObject href="../F1TeamModel.xml|S.359" xml:link="simple" xmlns:UML="http://lci/xml"/>
       </GXML:HashtableStrings.value>
      </GXML:HashtableStrings>
     </GXML:DefaultGraphCell.attributes>
     <GXML:DefaultMutableTreeNode.userObject>
      <UML:LinkObject href="../F1TeamModel.xml|S.359" xml:link="simple" xmlns:UML="http://lci/xml"/>
     </GXML:DefaultMutableTreeNode.userObject>
    </GXML:SpecialEdge>
    <GXML:SpecialEdge allowsChildren="true" isRouted="false" source="S.40" target="S.31" xmi.id="S.41">
     <GXML:DefaultGraphCell.attributes>
      <GXML:HashtableStrings keys="lineBegin editable linewidth lineEnd" values="0 false 1.0 0" xmi.id="S.91">
       <GXML:HashtableStrings.value>
        <UML:Link href="../F1TeamModel.xml|S.347" xml:link="simple" xmlns:UML="http://lci/xml"/>
       </GXML:HashtableStrings.value>
      </GXML:HashtableStrings>
     </GXML:DefaultGraphCell.attributes>
     <GXML:DefaultMutableTreeNode.userObject>
      <UML:Link href="../F1TeamModel.xml|S.347" xml:link="simple" xmlns:UML="http://lci/xml"/>
     </GXML:DefaultMutableTreeNode.userObject>
    </GXML:SpecialEdge>
    <GXML:SpecialEdge allowsChildren="true" isRouted="false" source="S.49" target="S.40" xmi.id="S.56">
     <GXML:DefaultGraphCell.attributes>
      <GXML:HashtableStrings keys="lineBegin editable linewidth lineEnd" values="0 false 1.0 0" xmi.id="S.92">
       <GXML:HashtableStrings.value>
        <UML:Link href="../F1TeamModel.xml|S.327" xml:link="simple" xmlns:UML="http://lci/xml"/>
       </GXML:HashtableStrings.value>
      </GXML:HashtableStrings>
     </GXML:DefaultGraphCell.attributes>
     <GXML:DefaultMutableTreeNode.userObject>
      <UML:Link href="../F1TeamModel.xml|S.327" xml:link="simple" xmlns:UML="http://lci/xml"/>
     </GXML:DefaultMutableTreeNode.userObject>
    </GXML:SpecialEdge>
    <GXML:SpecialEdge allowsChildren="true" isRouted="false" source="S.54" target="S.40" xmi.id="S.43">
     <GXML:DefaultGraphCell.attributes>
      <GXML:HashtableStrings keys="lineBegin editable linewidth lineEnd" values="0 false 1.0 0" xmi.id="S.93">
       <GXML:HashtableStrings.value>
        <UML:Link href="../F1TeamModel.xml|S.337" xml:link="simple" xmlns:UML="http://lci/xml"/>
       </GXML:HashtableStrings.value>
      </GXML:HashtableStrings>
     </GXML:DefaultGraphCell.attributes>
     <GXML:DefaultMutableTreeNode.userObject>
      <UML:Link href="../F1TeamModel.xml|S.337" xml:link="simple" xmlns:UML="http://lci/xml"/>
     </GXML:DefaultMutableTreeNode.userObject>
    </GXML:SpecialEdge>
    <GXML:SpecialEdge allowsChildren="true" isRouted="false" source="S.48" target="S.40" xmi.id="S.44">
     <GXML:DefaultGraphCell.attributes>
      <GXML:HashtableStrings keys="lineBegin editable linewidth lineEnd" values="0 false 1.0 0" xmi.id="S.94">
       <GXML:HashtableStrings.value>
        <UML:LinkObject href="../F1TeamModel.xml|S.358" xml:link="simple" xmlns:UML="http://lci/xml"/>
       </GXML:HashtableStrings.value>
      </GXML:HashtableStrings>
     </GXML:DefaultGraphCell.attributes>
     <GXML:DefaultMutableTreeNode.userObject>
      <UML:LinkObject href="../F1TeamModel.xml|S.358" xml:link="simple" xmlns:UML="http://lci/xml"/>
     </GXML:DefaultMutableTreeNode.userObject>
    </GXML:SpecialEdge>
   </GXML:ObjectDiagram.flat>
   <GXML:ObjectDiagram.relationViews>
    <GXML:SpecialEdge xmi.idref="S.42"/>
    <GXML:SpecialEdge xmi.idref="S.43"/>
    <GXML:SpecialEdge xmi.idref="S.44"/>
    <GXML:SpecialEdge xmi.idref="S.56"/>
    <GXML:SpecialEdge xmi.idref="S.41"/>
   </GXML:ObjectDiagram.relationViews>
   <GXML:ObjectDiagram.cells>
    <GXML:SpecialEdge xmi.idref="S.43"/>
    <GXML:ObjectCell xmi.idref="S.55"/>
    <GXML:ObjectCell xmi.idref="S.47"/>
    <GXML:ObjectCell xmi.idref="S.53"/>
    <GXML:SpecialEdge xmi.idref="S.56"/>
    <GXML:ObjectCell xmi.idref="S.52"/>
    <GXML:ObjectCell xmi.idref="S.33"/>
    <GXML:SpecialEdge xmi.idref="S.41"/>
    <GXML:ObjectCell xmi.idref="S.45"/>
    <GXML:SpecialEdge xmi.idref="S.42"/>
    <GXML:SpecialEdge xmi.idref="S.44"/>
    <GXML:ObjectCell xmi.idref="S.39"/>
    <GXML:ObjectCell xmi.idref="S.51"/>
    <GXML:ObjectCell xmi.idref="S.36"/>
    <GXML:ObjectCell xmi.idref="S.46"/>
    <GXML:ObjectCell xmi.idref="S.38"/>
   </GXML:ObjectDiagram.cells>
   <GXML:ObjectDiagram.connectionSet>
    <GXML:ConnectionSet edges="S.41 S.43 S.56 S.42 S.44" xmi.id="S.95">
     <GXML:ConnectionSet.connections>
      <GXML:ConnectionSet_GXConnection edge="S.44" isSource="true" port="S.48" xmi.id="S.96"/>
      <GXML:ConnectionSet_GXConnection edge="S.41" isSource="false" port="S.31" xmi.id="S.97"/>
      <GXML:ConnectionSet_GXConnection edge="S.43" isSource="false" port="S.40" xmi.id="S.98"/>
      <GXML:ConnectionSet_GXConnection edge="S.56" isSource="false" port="S.40" xmi.id="S.99"/>
      <GXML:ConnectionSet_GXConnection edge="S.42" isSource="false" port="S.35" xmi.id="S.100"/>
      <GXML:ConnectionSet_GXConnection edge="S.44" isSource="false" port="S.40" xmi.id="S.101"/>
      <GXML:ConnectionSet_GXConnection edge="S.56" isSource="true" port="S.49" xmi.id="S.102"/>
      <GXML:ConnectionSet_GXConnection edge="S.43" isSource="true" port="S.54" xmi.id="S.103"/>
      <GXML:ConnectionSet_GXConnection edge="S.41" isSource="true" port="S.40" xmi.id="S.104"/>
      <GXML:ConnectionSet_GXConnection edge="S.42" isSource="true" port="S.40" xmi.id="S.105"/>
     </GXML:ConnectionSet.connections>
    </GXML:ConnectionSet>
   </GXML:ObjectDiagram.connectionSet>
   <GXML:ObjectDiagram.objectViews>
    <GXML:ObjectCell xmi.idref="S.47"/>
    <GXML:ObjectCell xmi.idref="S.45"/>
    <GXML:ObjectCell xmi.idref="S.55"/>
    <GXML:ObjectCell xmi.idref="S.53"/>
    <GXML:ObjectCell xmi.idref="S.52"/>
    <GXML:ObjectCell xmi.idref="S.33"/>
    <GXML:ObjectCell xmi.idref="S.51"/>
    <GXML:ObjectCell xmi.idref="S.39"/>
    <GXML:ObjectCell xmi.idref="S.36"/>
    <GXML:ObjectCell xmi.idref="S.38"/>
    <GXML:ObjectCell xmi.idref="S.46"/>
   </GXML:ObjectDiagram.objectViews>
   <GXML:ObjectDiagram.objects>
    <UML:Object href="../F1TeamModel.xml|S.206" xml:link="simple" xmlns:UML="http://lci/xml"/>
    <UML:Object href="../F1TeamModel.xml|S.138" xml:link="simple" xmlns:UML="http://lci/xml"/>
    <UML:Object href="../F1TeamModel.xml|S.259" xml:link="simple" xmlns:UML="http://lci/xml"/>
    <UML:Object href="../F1TeamModel.xml|S.205" xml:link="simple" xmlns:UML="http://lci/xml"/>
    <UML:Object href="../F1TeamModel.xml|S.219" xml:link="simple" xmlns:UML="http://lci/xml"/>
    <UML:Object href="../F1TeamModel.xml|S.243" xml:link="simple" xmlns:UML="http://lci/xml"/>
    <UML:LinkObject href="../F1TeamModel.xml|S.359" xml:link="simple" xmlns:UML="http://lci/xml"/>
    <UML:LinkObject href="../F1TeamModel.xml|S.358" xml:link="simple" xmlns:UML="http://lci/xml"/>
    <UML:Object href="../F1TeamModel.xml|S.287" xml:link="simple" xmlns:UML="http://lci/xml"/>
    <UML:Object href="../F1TeamModel.xml|S.285" xml:link="simple" xmlns:UML="http://lci/xml"/>
    <UML:Object href="../F1TeamModel.xml|S.286" xml:link="simple" xmlns:UML="http://lci/xml"/>
   </GXML:ObjectDiagram.objects>
  </GXML:ObjectDiagram>
 </XMI.content>
</XMI>
